clip_group,session_name,clip_filename,label,flow_method,steps,roi_available_rate,both_detected_rate,any_detected_rate,flow_mag_norm_per_sec_mean,flow_mag_norm_per_sec_max,flow_mag_mean_mean,flow_mag_max_max,max_downward_flow,max_upward_flow,det_speed_norm_per_sec_mean,det_speed_norm_per_sec_max,max_downward_det_vy,max_upward_det_vy,det_accel_mean,det_accel_max,avg_conf_a,avg_conf_b
Abigail_Lee10__001_takeoff.mp4,Abigail_Lee10,001_takeoff.mp4,takeoff,PTLFlow_dpflow_things,14,0.0,0.0,0.0,0.0,0.0,0.0,0.0,0.0,0.0,0.0,0.0,0.0,0.0,0.0,0.0,0.0,0.0
Abigail_Lee10__002_severe-crash.mp4,Abigail_Lee10,002_severe-crash.mp4,severe-crash,PTLFlow_dpflow_things,14,0.0,0.0,0.0,0.0,0.0,0.0,0.0,0.0,0.0,0.0,0.0,0.0,0.0,0.0,0.0,0.0,0.0
Abigail_Lee10__003_severe-crash.mp4,Abigail_Lee10,003_severe-crash.mp4,severe-crash,PTLFlow_dpflow_things,14,0.0,0.0,0.0,0.0,0.0,0.0,0.0,0.0,0.0,0.0,0.0,0.0,0.0,0.0,0.0,0.0,0.0
Abigail_Lee10__004_takeoff.mp4,Abigail_Lee10,004_takeoff.mp4,takeoff,PTLFlow_dpflow_things,14,0.0,0.0,0.0,0.0,0.0,0.0,0.0,0.0,0.0,0.0,0.0,0.0,0.0,0.0,0.0,0.0,0.0
Abigail_Lee10__005_land.mp4,Abigail_Lee10,005_land.mp4,land,PTLFlow_dpflow_things,14,0.0,0.0,0.0,0.0,0.0,0.0,0.0,0.0,0.0,0.0,0.0,0.0,0.0,0.0,0.0,0.0,0.0
Abigail_Lee10__006_minor-crash.mp4,Abigail_Lee10,006_minor-crash.mp4,minor-crash,PTLFlow_dpflow_things,14,0.0,0.0,0.0,0.0,0.0,0.0,0.0,0.0,0.0,0.0,0.0,0.0,0.0,0.0,0.0,0.0,0.0
Abigail_Lee10__007_takeoff.mp4,Abigail_Lee10,007_takeoff.mp4,takeoff,PTLFlow_dpflow_things,14,0.0,0.0,0.0,0.0,0.0,0.0,0.0,0.0,0.0,0.0,0.0,0.0,0.0,0.0,0.0,0.0,0.0
Abigail_Lee10__008_minor-crash.mp4,Abigail_Lee10,008_minor-crash.mp4,minor-crash,PTLFlow_dpflow_things,14,0.0,0.0,0.0,0.0,0.0,0.0,0.0,0.0,0.0,0.0,0.0,0.0,0.0,0.0,0.0,0.0,0.0
Abigail_Lee10__009_severe-crash.mp4,Abigail_Lee10,009_severe-crash.mp4,severe-crash,PTLFlow_dpflow_things,14,0.0,0.0,0.0,0.0,0.0,0.0,0.0,0.0,0.0,0.0,0.0,0.0,0.0,0.0,0.0,0.0,0.0
Abigail_Lee10__010_severe-crash.mp4,Abigail_Lee10,010_severe-crash.mp4,severe-crash,PTLFlow_dpflow_things,14,0.0,0.0,0.0,0.0,0.0,0.0,0.0,0.0,0.0,0.0,0.0,0.0,0.0,0.0,0.0,0.0,0.0
Abigail_Lee10__011_takeoff.mp4,Abigail_Lee10,011_takeoff.mp4,takeoff,PTLFlow_dpflow_things,14,0.0,0.0,0.0,0.0,0.0,0.0,0.0,0.0,0.0,0.0,0.0,0.0,0.0,0.0,0.0,0.0,0.0
Abigail_Lee10__012_land.mp4,Abigail_Lee10,012_land.mp4,land,PTLFlow_dpflow_things,14,0.0,0.0,0.0,0.0,0.0,0.0,0.0,0.0,0.0,0.0,0.0,0.0,0.0,0.0,0.0,0.0,0.0
Abigail_Lee10__013_minor-crash.mp4,Abigail_Lee10,013_minor-crash.mp4,minor-crash,PTLFlow_dpflow_things,14,0.0,0.0,0.0,0.0,0.0,0.0,0.0,0.0,0.0,0.0,0.0,0.0,0.0,0.0,0.0,0.0,0.0
Abigail_Lee10__014_takeoff.mp4,Abigail_Lee10,014_takeoff.mp4,takeoff,PTLFlow_dpflow_things,14,0.0,0.0,0.0,0.0,0.0,0.0,0.0,0.0,0.0,0.0,0.0,0.0,0.0,0.0,0.0,0.0,0.0
Abigail_Lee10__015_severe-crash.mp4,Abigail_Lee10,015_severe-crash.mp4,severe-crash,PTLFlow_dpflow_things,14,0.0,0.0,0.0,0.0,0.0,0.0,0.0,0.0,0.0,0.0,0.0,0.0,0.0,0.0,0.0,0.0,0.0
Abigail_Lee5__001_takeoff.mp4,Abigail_Lee5,001_takeoff.mp4,takeoff,PTLFlow_dpflow_things,14,0.0,0.0,0.0,0.0,0.0,0.0,0.0,0.0,0.0,0.0,0.0,0.0,0.0,0.0,0.0,0.0,0.0
Abigail_Lee5__002_land.mp4,Abigail_Lee5,002_land.mp4,land,PTLFlow_dpflow_things,14,0.0,0.0,0.0,0.0,0.0,0.0,0.0,0.0,0.0,0.0,0.0,0.0,0.0,0.0,0.0,0.0,0.0
Abigail_Lee5__003_minor-crash.mp4,Abigail_Lee5,003_minor-crash.mp4,minor-crash,PTLFlow_dpflow_things,14,0.0,0.0,0.0,0.0,0.0,0.0,0.0,0.0,0.0,0.0,0.0,0.0,0.0,0.0,0.0,0.0,0.0
Abigail_Lee8__001_land.mp4,Abigail_Lee8,001_land.mp4,land,PTLFlow_dpflow_things,14,0.0,0.0,0.0,0.0,0.0,0.0,0.0,0.0,0.0,0.0,0.0,0.0,0.0,0.0,0.0,0.0,0.0
Abigail_Lee8__002_severe-crash.mp4,Abigail_Lee8,002_severe-crash.mp4,severe-crash,PTLFlow_dpflow_things,14,0.0,0.0,0.0,0.0,0.0,0.0,0.0,0.0,0.0,0.0,0.0,0.0,0.0,0.0,0.0,0.0,0.0
Abigail_Lee8__003_takeoff.mp4,Abigail_Lee8,003_takeoff.mp4,takeoff,PTLFlow_dpflow_things,14,0.0,0.0,0.0,0.0,0.0,0.0,0.0,0.0,0.0,0.0,0.0,0.0,0.0,0.0,0.0,0.0,0.0
Abigail_Lee8__004_land.mp4,Abigail_Lee8,004_land.mp4,land,PTLFlow_dpflow_things,14,0.0,0.0,0.0,0.0,0.0,0.0,0.0,0.0,0.0,0.0,0.0,0.0,0.0,0.0,0.0,0.0,0.0
Abigail_Lee8__005_severe-crash.mp4,Abigail_Lee8,005_severe-crash.mp4,severe-crash,PTLFlow_dpflow_things,14,0.0,0.0,0.0,0.0,0.0,0.0,0.0,0.0,0.0,0.0,0.0,0.0,0.0,0.0,0.0,0.0,0.0
Abigail_Lee8__006_takeoff.mp4,Abigail_Lee8,006_takeoff.mp4,takeoff,PTLFlow_dpflow_things,14,0.0,0.0,0.0,0.0,0.0,0.0,0.0,0.0,0.0,0.0,0.0,0.0,0.0,0.0,0.0,0.0,0.0
Abigail_Lee8__007_land.mp4,Abigail_Lee8,007_land.mp4,land,PTLFlow_dpflow_things,14,0.0,0.0,0.0,0.0,0.0,0.0,0.0,0.0,0.0,0.0,0.0,0.0,0.0,0.0,0.0,0.0,0.0
Abigail_Lee8__008_severe-crash.mp4,Abigail_Lee8,008_severe-crash.mp4,severe-crash,PTLFlow_dpflow_things,14,0.0,0.0,0.0,0.0,0.0,0.0,0.0,0.0,0.0,0.0,0.0,0.0,0.0,0.0,0.0,0.0,0.0
Abigail_Lee8__009_takeoff.mp4,Abigail_Lee8,009_takeoff.mp4,takeoff,PTLFlow_dpflow_things,14,0.0,0.0,0.0,0.0,0.0,0.0,0.0,0.0,0.0,0.0,0.0,0.0,0.0,0.0,0.0,0.0,0.0
Abigail_Lee8__010_takeoff.mp4,Abigail_Lee8,010_takeoff.mp4,takeoff,PTLFlow_dpflow_things,14,0.0,0.0,0.0,0.0,0.0,0.0,0.0,0.0,0.0,0.0,0.0,0.0,0.0,0.0,0.0,0.0,0.0
Abigail_Lee8__011_land.mp4,Abigail_Lee8,011_land.mp4,land,PTLFlow_dpflow_things,14,0.0,0.0,0.0,0.0,0.0,0.0,0.0,0.0,0.0,0.0,0.0,0.0,0.0,0.0,0.0,0.0,0.0
Abigail_Lee9__001_takeoff.mp4,Abigail_Lee9,001_takeoff.mp4,takeoff,PTLFlow_dpflow_things,14,0.0,0.0,0.0,0.0,0.0,0.0,0.0,0.0,0.0,0.0,0.0,0.0,0.0,0.0,0.0,0.0,0.0
Abigail_Lee9__002_takeoff.mp4,Abigail_Lee9,002_takeoff.mp4,takeoff,PTLFlow_dpflow_things,14,0.0,0.0,0.0,0.0,0.0,0.0,0.0,0.0,0.0,0.0,0.0,0.0,0.0,0.0,0.0,0.0,0.0
Abigail_Lee9__003_minor-crash.mp4,Abigail_Lee9,003_minor-crash.mp4,minor-crash,PTLFlow_dpflow_things,14,0.0,0.0,0.0,0.0,0.0,0.0,0.0,0.0,0.0,0.0,0.0,0.0,0.0,0.0,0.0,0.0,0.0
Abigail_Lee9__004_severe-crash.mp4,Abigail_Lee9,004_severe-crash.mp4,severe-crash,PTLFlow_dpflow_things,14,0.0,0.0,0.0,0.0,0.0,0.0,0.0,0.0,0.0,0.0,0.0,0.0,0.0,0.0,0.0,0.0,0.0
Abigail_Lee9__005_takeoff.mp4,Abigail_Lee9,005_takeoff.mp4,takeoff,PTLFlow_dpflow_things,14,0.0,0.0,0.0,0.0,0.0,0.0,0.0,0.0,0.0,0.0,0.0,0.0,0.0,0.0,0.0,0.0,0.0
Abigail_Lee9__006_severe-crash.mp4,Abigail_Lee9,006_severe-crash.mp4,severe-crash,PTLFlow_dpflow_things,14,0.0,0.0,0.0,0.0,0.0,0.0,0.0,0.0,0.0,0.0,0.0,0.0,0.0,0.0,0.0,0.0,0.0
Abigail_Lee9__007_takeoff.mp4,Abigail_Lee9,007_takeoff.mp4,takeoff,PTLFlow_dpflow_things,14,0.0,0.0,0.0,0.0,0.0,0.0,0.0,0.0,0.0,0.0,0.0,0.0,0.0,0.0,0.0,0.0,0.0
Abigail_Lee9__008_severe-crash.mp4,Abigail_Lee9,008_severe-crash.mp4,severe-crash,PTLFlow_dpflow_things,14,0.0,0.0,0.0,0.0,0.0,0.0,0.0,0.0,0.0,0.0,0.0,0.0,0.0,0.0,0.0,0.0,0.0
Abigail_Lee9__009_takeoff.mp4,Abigail_Lee9,009_takeoff.mp4,takeoff,PTLFlow_dpflow_things,14,0.0,0.0,0.0,0.0,0.0,0.0,0.0,0.0,0.0,0.0,0.0,0.0,0.0,0.0,0.0,0.0,0.0
Abigail_Lee9__010_land.mp4,Abigail_Lee9,010_land.mp4,land,PTLFlow_dpflow_things,14,0.0,0.0,0.0,0.0,0.0,0.0,0.0,0.0,0.0,0.0,0.0,0.0,0.0,0.0,0.0,0.0,0.0
Abigail_Lee9__011_severe-crash.mp4,Abigail_Lee9,011_severe-crash.mp4,severe-crash,PTLFlow_dpflow_things,14,0.0,0.0,0.0,0.0,0.0,0.0,0.0,0.0,0.0,0.0,0.0,0.0,0.0,0.0,0.0,0.0,0.0
Alex_Petrone__001_takeoff.mp4,Alex_Petrone,001_takeoff.mp4,takeoff,PTLFlow_dpflow_things,14,0.0,0.0,0.0,0.0,0.0,0.0,0.0,0.0,0.0,0.0,0.0,0.0,0.0,0.0,0.0,0.0,0.0
Anthony_Banas1__001_takeoff.mp4,Anthony_Banas1,001_takeoff.mp4,takeoff,PTLFlow_dpflow_things,14,0.0,0.0,0.0,0.0,0.0,0.0,0.0,0.0,0.0,0.0,0.0,0.0,0.0,0.0,0.0,0.0,0.0
Anthony_Banas1__002_minor-crash.mp4,Anthony_Banas1,002_minor-crash.mp4,minor-crash,PTLFlow_dpflow_things,14,0.0,0.0,0.0,0.0,0.0,0.0,0.0,0.0,0.0,0.0,0.0,0.0,0.0,0.0,0.0,0.0,0.0
Anthony_Banas1__003_land.mp4,Anthony_Banas1,003_land.mp4,land,PTLFlow_dpflow_things,14,0.0,0.0,0.0,0.0,0.0,0.0,0.0,0.0,0.0,0.0,0.0,0.0,0.0,0.0,0.0,0.0,0.0
Benyamin_Hussein__001_takeoff.mp4,Benyamin_Hussein,001_takeoff.mp4,takeoff,PTLFlow_dpflow_things,14,0.0,0.0,0.0,0.0,0.0,0.0,0.0,0.0,0.0,0.0,0.0,0.0,0.0,0.0,0.0,0.0,0.0
Benyamin_Hussein__002_minor-crash.mp4,Benyamin_Hussein,002_minor-crash.mp4,minor-crash,PTLFlow_dpflow_things,14,0.0,0.0,0.0,0.0,0.0,0.0,0.0,0.0,0.0,0.0,0.0,0.0,0.0,0.0,0.0,0.0,0.0
Benyamin_Hussein__003_land.mp4,Benyamin_Hussein,003_land.mp4,land,PTLFlow_dpflow_things,14,0.0,0.0,0.0,0.0,0.0,0.0,0.0,0.0,0.0,0.0,0.0,0.0,0.0,0.0,0.0,0.0,0.0
Cristian_Ramirez10__001_takeoff.mp4,Cristian_Ramirez10,001_takeoff.mp4,takeoff,PTLFlow_dpflow_things,14,0.0,0.0,0.0,0.0,0.0,0.0,0.0,0.0,0.0,0.0,0.0,0.0,0.0,0.0,0.0,0.0,0.0
Cristian_Ramirez10__002_minor-crash.mp4,Cristian_Ramirez10,002_minor-crash.mp4,minor-crash,PTLFlow_dpflow_things,10,0.0,0.0,0.0,0.0,0.0,0.0,0.0,0.0,0.0,0.0,0.0,0.0,0.0,0.0,0.0,0.0,0.0
Cristian_Ramirez11__001_takeoff.mp4,Cristian_Ramirez11,001_takeoff.mp4,takeoff,PTLFlow_dpflow_things,14,0.0,0.0,0.0,0.0,0.0,0.0,0.0,0.0,0.0,0.0,0.0,0.0,0.0,0.0,0.0,0.0,0.0
Cristian_Ramirez11__002_land.mp4,Cristian_Ramirez11,002_land.mp4,land,PTLFlow_dpflow_things,9,0.0,0.0,0.0,0.0,0.0,0.0,0.0,0.0,0.0,0.0,0.0,0.0,0.0,0.0,0.0,0.0,0.0
Cristian_Ramirez11__003_minor-crash.mp4,Cristian_Ramirez11,003_minor-crash.mp4,minor-crash,PTLFlow_dpflow_things,9,0.0,0.0,0.0,0.0,0.0,0.0,0.0,0.0,0.0,0.0,0.0,0.0,0.0,0.0,0.0,0.0,0.0
Cristian_Ramirez1__001_takeoff.mp4,Cristian_Ramirez1,001_takeoff.mp4,takeoff,PTLFlow_dpflow_things,10,0.0,0.0,0.0,0.0,0.0,0.0,0.0,0.0,0.0,0.0,0.0,0.0,0.0,0.0,0.0,0.0,0.0
Cristian_Ramirez4__001_takeoff.mp4,Cristian_Ramirez4,001_takeoff.mp4,takeoff,PTLFlow_dpflow_things,12,0.0,0.0,0.0,0.0,0.0,0.0,0.0,0.0,0.0,0.0,0.0,0.0,0.0,0.0,0.0,0.0,0.0
Cristian_Ramirez4__002_land.mp4,Cristian_Ramirez4,002_land.mp4,land,PTLFlow_dpflow_things,14,0.0,0.0,0.0,0.0,0.0,0.0,0.0,0.0,0.0,0.0,0.0,0.0,0.0,0.0,0.0,0.0,0.0
Cristian_Ramirez4__003_minor-crash.mp4,Cristian_Ramirez4,003_minor-crash.mp4,minor-crash,PTLFlow_dpflow_things,14,0.0,0.0,0.0,0.0,0.0,0.0,0.0,0.0,0.0,0.0,0.0,0.0,0.0,0.0,0.0,0.0,0.0
Cristian_Ramirez7__001_takeoff.mp4,Cristian_Ramirez7,001_takeoff.mp4,takeoff,PTLFlow_dpflow_things,10,0.0,0.0,0.0,0.0,0.0,0.0,0.0,0.0,0.0,0.0,0.0,0.0,0.0,0.0,0.0,0.0,0.0
Cristian_Ramirez7__002_minor-crash.mp4,Cristian_Ramirez7,002_minor-crash.mp4,minor-crash,PTLFlow_dpflow_things,13,0.0,0.0,0.0,0.0,0.0,0.0,0.0,0.0,0.0,0.0,0.0,0.0,0.0,0.0,0.0,0.0,0.0
Cristian_Ramirez8__001_takeoff.mp4,Cristian_Ramirez8,001_takeoff.mp4,takeoff,PTLFlow_dpflow_things,14,0.0,0.0,0.0,0.0,0.0,0.0,0.0,0.0,0.0,0.0,0.0,0.0,0.0,0.0,0.0,0.0,0.0
Cristian_Ramirez9__001_takeoff.mp4,Cristian_Ramirez9,001_takeoff.mp4,takeoff,PTLFlow_dpflow_things,14,0.0,0.0,0.0,0.0,0.0,0.0,0.0,0.0,0.0,0.0,0.0,0.0,0.0,0.0,0.0,0.0,0.0
Douglas_Arnold__001_takeoff.mp4,Douglas_Arnold,001_takeoff.mp4,takeoff,PTLFlow_dpflow_things,14,0.0,0.0,0.0,0.0,0.0,0.0,0.0,0.0,0.0,0.0,0.0,0.0,0.0,0.0,0.0,0.0,0.0
Douglas_Arnold__002_land.mp4,Douglas_Arnold,002_land.mp4,land,PTLFlow_dpflow_things,14,0.0,0.0,0.0,0.0,0.0,0.0,0.0,0.0,0.0,0.0,0.0,0.0,0.0,0.0,0.0,0.0,0.0
Douglas_Arnold__003_minor-crash.mp4,Douglas_Arnold,003_minor-crash.mp4,minor-crash,PTLFlow_dpflow_things,14,0.0,0.0,0.0,0.0,0.0,0.0,0.0,0.0,0.0,0.0,0.0,0.0,0.0,0.0,0.0,0.0,0.0
Elizabeth_Boyd1__001_takeoff.mp4,Elizabeth_Boyd1,001_takeoff.mp4,takeoff,PTLFlow_dpflow_things,11,0.0,0.0,0.0,0.0,0.0,0.0,0.0,0.0,0.0,0.0,0.0,0.0,0.0,0.0,0.0,0.0,0.0
Elizabeth_Boyd1__002_land.mp4,Elizabeth_Boyd1,002_land.mp4,land,PTLFlow_dpflow_things,14,0.0,0.0,0.0,0.0,0.0,0.0,0.0,0.0,0.0,0.0,0.0,0.0,0.0,0.0,0.0,0.0,0.0
Elizabeth_Boyd2__001_minor-crash.mp4,Elizabeth_Boyd2,001_minor-crash.mp4,minor-crash,PTLFlow_dpflow_things,14,0.0,0.0,0.0,0.0,0.0,0.0,0.0,0.0,0.0,0.0,0.0,0.0,0.0,0.0,0.0,0.0,0.0
Elizabeth_Boyd2__002_takeoff.mp4,Elizabeth_Boyd2,002_takeoff.mp4,takeoff,PTLFlow_dpflow_things,14,0.0,0.0,0.0,0.0,0.0,0.0,0.0,0.0,0.0,0.0,0.0,0.0,0.0,0.0,0.0,0.0,0.0
Elizabeth_Boyd2__003_land.mp4,Elizabeth_Boyd2,003_land.mp4,land,PTLFlow_dpflow_things,14,0.0,0.0,0.0,0.0,0.0,0.0,0.0,0.0,0.0,0.0,0.0,0.0,0.0,0.0,0.0,0.0,0.0
Erica_Gerardi__001_minor-crash.mp4,Erica_Gerardi,001_minor-crash.mp4,minor-crash,PTLFlow_dpflow_things,14,0.0,0.0,0.0,0.0,0.0,0.0,0.0,0.0,0.0,0.0,0.0,0.0,0.0,0.0,0.0,0.0,0.0
Erica_Gerardi__002_takeoff.mp4,Erica_Gerardi,002_takeoff.mp4,takeoff,PTLFlow_dpflow_things,14,0.0,0.0,0.0,0.0,0.0,0.0,0.0,0.0,0.0,0.0,0.0,0.0,0.0,0.0,0.0,0.0,0.0
Erica_Gerardi__003_land.mp4,Erica_Gerardi,003_land.mp4,land,PTLFlow_dpflow_things,14,0.0,0.0,0.0,0.0,0.0,0.0,0.0,0.0,0.0,0.0,0.0,0.0,0.0,0.0,0.0,0.0,0.0
Erik_Nilsson2__001_takeoff.mp4,Erik_Nilsson2,001_takeoff.mp4,takeoff,PTLFlow_dpflow_things,12,0.0,0.0,0.0,0.0,0.0,0.0,0.0,0.0,0.0,0.0,0.0,0.0,0.0,0.0,0.0,0.0,0.0
Erik_Nilsson2__002_minor-crash.mp4,Erik_Nilsson2,002_minor-crash.mp4,minor-crash,PTLFlow_dpflow_things,14,0.0,0.0,0.0,0.0,0.0,0.0,0.0,0.0,0.0,0.0,0.0,0.0,0.0,0.0,0.0,0.0,0.0
Erik_Nilsson3__001_takeoff.mp4,Erik_Nilsson3,001_takeoff.mp4,takeoff,PTLFlow_dpflow_things,14,0.0,0.0,0.0,0.0,0.0,0.0,0.0,0.0,0.0,0.0,0.0,0.0,0.0,0.0,0.0,0.0,0.0
Erik_Nilsson3__002_land.mp4,Erik_Nilsson3,002_land.mp4,land,PTLFlow_dpflow_things,9,0.0,0.0,0.0,0.0,0.0,0.0,0.0,0.0,0.0,0.0,0.0,0.0,0.0,0.0,0.0,0.0,0.0
Erik_Nilsson5__001_takeoff.mp4,Erik_Nilsson5,001_takeoff.mp4,takeoff,PTLFlow_dpflow_things,10,0.0,0.0,0.0,0.0,0.0,0.0,0.0,0.0,0.0,0.0,0.0,0.0,0.0,0.0,0.0,0.0,0.0
Erik_Nilsson5__002_land.mp4,Erik_Nilsson5,002_land.mp4,land,PTLFlow_dpflow_things,14,0.0,0.0,0.0,0.0,0.0,0.0,0.0,0.0,0.0,0.0,0.0,0.0,0.0,0.0,0.0,0.0,0.0
Garrett_Hortert1__001_takeoff.mp4,Garrett_Hortert1,001_takeoff.mp4,takeoff,PTLFlow_dpflow_things,10,0.0,0.0,0.0,0.0,0.0,0.0,0.0,0.0,0.0,0.0,0.0,0.0,0.0,0.0,0.0,0.0,0.0
Garrett_Hortert2__001_takeoff.mp4,Garrett_Hortert2,001_takeoff.mp4,takeoff,PTLFlow_dpflow_things,14,0.0,0.0,0.0,0.0,0.0,0.0,0.0,0.0,0.0,0.0,0.0,0.0,0.0,0.0,0.0,0.0,0.0
Garrett_Hortert2__002_land.mp4,Garrett_Hortert2,002_land.mp4,land,PTLFlow_dpflow_things,14,0.0,0.0,0.0,0.0,0.0,0.0,0.0,0.0,0.0,0.0,0.0,0.0,0.0,0.0,0.0,0.0,0.0
Holly_Craddock1__001_takeoff.mp4,Holly_Craddock1,001_takeoff.mp4,takeoff,PTLFlow_dpflow_things,14,0.0,0.0,0.0,0.0,0.0,0.0,0.0,0.0,0.0,0.0,0.0,0.0,0.0,0.0,0.0,0.0,0.0
Holly_Craddock1__002_land.mp4,Holly_Craddock1,002_land.mp4,land,PTLFlow_dpflow_things,9,0.0,0.0,0.0,0.0,0.0,0.0,0.0,0.0,0.0,0.0,0.0,0.0,0.0,0.0,0.0,0.0,0.0
Holly_Craddock2__001_takeoff.mp4,Holly_Craddock2,001_takeoff.mp4,takeoff,PTLFlow_dpflow_things,14,0.0,0.0,0.0,0.0,0.0,0.0,0.0,0.0,0.0,0.0,0.0,0.0,0.0,0.0,0.0,0.0,0.0
Holly_Craddock2__002_land.mp4,Holly_Craddock2,002_land.mp4,land,PTLFlow_dpflow_things,14,0.0,0.0,0.0,0.0,0.0,0.0,0.0,0.0,0.0,0.0,0.0,0.0,0.0,0.0,0.0,0.0,0.0
Holly_Craddock3__001_takeoff.mp4,Holly_Craddock3,001_takeoff.mp4,takeoff,PTLFlow_dpflow_things,10,0.0,0.0,0.0,0.0,0.0,0.0,0.0,0.0,0.0,0.0,0.0,0.0,0.0,0.0,0.0,0.0,0.0
Holly_Craddock5__001_takeoff.mp4,Holly_Craddock5,001_takeoff.mp4,takeoff,PTLFlow_dpflow_things,14,0.0,0.0,0.0,0.0,0.0,0.0,0.0,0.0,0.0,0.0,0.0,0.0,0.0,0.0,0.0,0.0,0.0
Hunter_Hill1__001_severe-crash.mp4,Hunter_Hill1,001_severe-crash.mp4,severe-crash,PTLFlow_dpflow_things,9,0.0,0.0,0.0,0.0,0.0,0.0,0.0,0.0,0.0,0.0,0.0,0.0,0.0,0.0,0.0,0.0,0.0
Hunter_Hill2__001_minor-crash.mp4,Hunter_Hill2,001_minor-crash.mp4,minor-crash,PTLFlow_dpflow_things,14,0.0,0.0,0.0,0.0,0.0,0.0,0.0,0.0,0.0,0.0,0.0,0.0,0.0,0.0,0.0,0.0,0.0
Hunter_Hill3__001_severe-crash.mp4,Hunter_Hill3,001_severe-crash.mp4,severe-crash,PTLFlow_dpflow_things,10,0.0,0.0,0.0,0.0,0.0,0.0,0.0,0.0,0.0,0.0,0.0,0.0,0.0,0.0,0.0,0.0,0.0
Hunter_Hill4__001_severe-crash.mp4,Hunter_Hill4,001_severe-crash.mp4,severe-crash,PTLFlow_dpflow_things,14,0.0,0.0,0.0,0.0,0.0,0.0,0.0,0.0,0.0,0.0,0.0,0.0,0.0,0.0,0.0,0.0,0.0
Hunter_Hill4__002_takeoff.mp4,Hunter_Hill4,002_takeoff.mp4,takeoff,PTLFlow_dpflow_things,9,0.0,0.0,0.0,0.0,0.0,0.0,0.0,0.0,0.0,0.0,0.0,0.0,0.0,0.0,0.0,0.0,0.0
Hunter_Hill__001_takeoff.mp4,Hunter_Hill,001_takeoff.mp4,takeoff,PTLFlow_dpflow_things,9,0.0,0.0,0.0,0.0,0.0,0.0,0.0,0.0,0.0,0.0,0.0,0.0,0.0,0.0,0.0,0.0,0.0
Jack_Lockett__001_takeoff.mp4,Jack_Lockett,001_takeoff.mp4,takeoff,PTLFlow_dpflow_things,14,0.0,0.0,0.0,0.0,0.0,0.0,0.0,0.0,0.0,0.0,0.0,0.0,0.0,0.0,0.0,0.0,0.0
Jack_Lockett__002_minor-crash.mp4,Jack_Lockett,002_minor-crash.mp4,minor-crash,PTLFlow_dpflow_things,14,0.0,0.0,0.0,0.0,0.0,0.0,0.0,0.0,0.0,0.0,0.0,0.0,0.0,0.0,0.0,0.0,0.0
Jack_Lockett__003_takeoff.mp4,Jack_Lockett,003_takeoff.mp4,takeoff,PTLFlow_dpflow_things,14,0.0,0.0,0.0,0.0,0.0,0.0,0.0,0.0,0.0,0.0,0.0,0.0,0.0,0.0,0.0,0.0,0.0
Jack_Lockett__004_minor-crash.mp4,Jack_Lockett,004_minor-crash.mp4,minor-crash,PTLFlow_dpflow_things,14,0.0,0.0,0.0,0.0,0.0,0.0,0.0,0.0,0.0,0.0,0.0,0.0,0.0,0.0,0.0,0.0,0.0
Joshua_Gensmer1__001_takeoff.mp4,Joshua_Gensmer1,001_takeoff.mp4,takeoff,PTLFlow_dpflow_things,14,0.0,0.0,0.0,0.0,0.0,0.0,0.0,0.0,0.0,0.0,0.0,0.0,0.0,0.0,0.0,0.0,0.0
Joshua_Gensmer1__002_minor-crash.mp4,Joshua_Gensmer1,002_minor-crash.mp4,minor-crash,PTLFlow_dpflow_things,14,0.0,0.0,0.0,0.0,0.0,0.0,0.0,0.0,0.0,0.0,0.0,0.0,0.0,0.0,0.0,0.0,0.0
Joshua_Gensmer1__003_minor-crash.mp4,Joshua_Gensmer1,003_minor-crash.mp4,minor-crash,PTLFlow_dpflow_things,14,0.0,0.0,0.0,0.0,0.0,0.0,0.0,0.0,0.0,0.0,0.0,0.0,0.0,0.0,0.0,0.0,0.0
Joshua_Gensmer2__001_takeoff.mp4,Joshua_Gensmer2,001_takeoff.mp4,takeoff,PTLFlow_dpflow_things,14,0.0,0.0,0.0,0.0,0.0,0.0,0.0,0.0,0.0,0.0,0.0,0.0,0.0,0.0,0.0,0.0,0.0
Joshua_Gensmer3__001_takeoff.mp4,Joshua_Gensmer3,001_takeoff.mp4,takeoff,PTLFlow_dpflow_things,14,0.0,0.0,0.0,0.0,0.0,0.0,0.0,0.0,0.0,0.0,0.0,0.0,0.0,0.0,0.0,0.0,0.0
Joshua_Gensmer4__001_minor-crash.mp4,Joshua_Gensmer4,001_minor-crash.mp4,minor-crash,PTLFlow_dpflow_things,9,0.0,0.0,0.0,0.0,0.0,0.0,0.0,0.0,0.0,0.0,0.0,0.0,0.0,0.0,0.0,0.0,0.0
Joshua_Gensmer5__001_minor-crash.mp4,Joshua_Gensmer5,001_minor-crash.mp4,minor-crash,PTLFlow_dpflow_things,14,0.0,0.0,0.0,0.0,0.0,0.0,0.0,0.0,0.0,0.0,0.0,0.0,0.0,0.0,0.0,0.0,0.0
Joshua_Gensmer__001_minor-crash.mp4,Joshua_Gensmer,001_minor-crash.mp4,minor-crash,PTLFlow_dpflow_things,14,0.0,0.0,0.0,0.0,0.0,0.0,0.0,0.0,0.0,0.0,0.0,0.0,0.0,0.0,0.0,0.0,0.0
Joshua_Gensmer__002_land.mp4,Joshua_Gensmer,002_land.mp4,land,PTLFlow_dpflow_things,9,0.0,0.0,0.0,0.0,0.0,0.0,0.0,0.0,0.0,0.0,0.0,0.0,0.0,0.0,0.0,0.0,0.0
Kenneth_Evans1__001_severe-crash.mp4,Kenneth_Evans1,001_severe-crash.mp4,severe-crash,PTLFlow_dpflow_things,14,0.0,0.0,0.0,0.0,0.0,0.0,0.0,0.0,0.0,0.0,0.0,0.0,0.0,0.0,0.0,0.0,0.0
Kenneth_Evans1__002_takeoff.mp4,Kenneth_Evans1,002_takeoff.mp4,takeoff,PTLFlow_dpflow_things,14,0.0,0.0,0.0,0.0,0.0,0.0,0.0,0.0,0.0,0.0,0.0,0.0,0.0,0.0,0.0,0.0,0.0
Landon_Arnold__001_takeoff.mp4,Landon_Arnold,001_takeoff.mp4,takeoff,PTLFlow_dpflow_things,14,0.0,0.0,0.0,0.0,0.0,0.0,0.0,0.0,0.0,0.0,0.0,0.0,0.0,0.0,0.0,0.0,0.0
Landon_Arnold__002_takeoff.mp4,Landon_Arnold,002_takeoff.mp4,takeoff,PTLFlow_dpflow_things,14,0.0,0.0,0.0,0.0,0.0,0.0,0.0,0.0,0.0,0.0,0.0,0.0,0.0,0.0,0.0,0.0,0.0
Landon_Arnold__003_minor-crash.mp4,Landon_Arnold,003_minor-crash.mp4,minor-crash,PTLFlow_dpflow_things,14,0.0,0.0,0.0,0.0,0.0,0.0,0.0,0.0,0.0,0.0,0.0,0.0,0.0,0.0,0.0,0.0,0.0
Landon_Arnold__004_takeoff.mp4,Landon_Arnold,004_takeoff.mp4,takeoff,PTLFlow_dpflow_things,14,0.0,0.0,0.0,0.0,0.0,0.0,0.0,0.0,0.0,0.0,0.0,0.0,0.0,0.0,0.0,0.0,0.0
Landon_Arnold__005_minor-crash.mp4,Landon_Arnold,005_minor-crash.mp4,minor-crash,PTLFlow_dpflow_things,14,0.0,0.0,0.0,0.0,0.0,0.0,0.0,0.0,0.0,0.0,0.0,0.0,0.0,0.0,0.0,0.0,0.0
Landon_Arnold__006_land.mp4,Landon_Arnold,006_land.mp4,land,PTLFlow_dpflow_things,14,0.0,0.0,0.0,0.0,0.0,0.0,0.0,0.0,0.0,0.0,0.0,0.0,0.0,0.0,0.0,0.0,0.0
Landon_Arnold__007_minor-crash.mp4,Landon_Arnold,007_minor-crash.mp4,minor-crash,PTLFlow_dpflow_things,14,0.0,0.0,0.0,0.0,0.0,0.0,0.0,0.0,0.0,0.0,0.0,0.0,0.0,0.0,0.0,0.0,0.0
Mark_Wilson2__001_takeoff.mp4,Mark_Wilson2,001_takeoff.mp4,takeoff,PTLFlow_dpflow_things,14,0.0,0.0,0.0,0.0,0.0,0.0,0.0,0.0,0.0,0.0,0.0,0.0,0.0,0.0,0.0,0.0,0.0
Mark_Wilson3__001_land.mp4,Mark_Wilson3,001_land.mp4,land,PTLFlow_dpflow_things,14,0.0,0.0,0.0,0.0,0.0,0.0,0.0,0.0,0.0,0.0,0.0,0.0,0.0,0.0,0.0,0.0,0.0
Nathan_Schott__001_takeoff.mp4,Nathan_Schott,001_takeoff.mp4,takeoff,PTLFlow_dpflow_things,14,0.0,0.0,0.0,0.0,0.0,0.0,0.0,0.0,0.0,0.0,0.0,0.0,0.0,0.0,0.0,0.0,0.0
Nathan_Schott__002_takeoff.mp4,Nathan_Schott,002_takeoff.mp4,takeoff,PTLFlow_dpflow_things,14,0.0,0.0,0.0,0.0,0.0,0.0,0.0,0.0,0.0,0.0,0.0,0.0,0.0,0.0,0.0,0.0,0.0
Nathan_Schott__003_land.mp4,Nathan_Schott,003_land.mp4,land,PTLFlow_dpflow_things,14,0.0,0.0,0.0,0.0,0.0,0.0,0.0,0.0,0.0,0.0,0.0,0.0,0.0,0.0,0.0,0.0,0.0
Nathan_Schott__004_land.mp4,Nathan_Schott,004_land.mp4,land,PTLFlow_dpflow_things,14,0.0,0.0,0.0,0.0,0.0,0.0,0.0,0.0,0.0,0.0,0.0,0.0,0.0,0.0,0.0,0.0,0.0
Nathan_Schott__005_minor-crash.mp4,Nathan_Schott,005_minor-crash.mp4,minor-crash,PTLFlow_dpflow_things,14,0.0,0.0,0.0,0.0,0.0,0.0,0.0,0.0,0.0,0.0,0.0,0.0,0.0,0.0,0.0,0.0,0.0
Nathan_Schott__006_minor-crash.mp4,Nathan_Schott,006_minor-crash.mp4,minor-crash,PTLFlow_dpflow_things,14,0.0,0.0,0.0,0.0,0.0,0.0,0.0,0.0,0.0,0.0,0.0,0.0,0.0,0.0,0.0,0.0,0.0
Nathan_Schott__007_minor-crash.mp4,Nathan_Schott,007_minor-crash.mp4,minor-crash,PTLFlow_dpflow_things,14,0.0,0.0,0.0,0.0,0.0,0.0,0.0,0.0,0.0,0.0,0.0,0.0,0.0,0.0,0.0,0.0,0.0
Nathan_Schott__008_takeoff.mp4,Nathan_Schott,008_takeoff.mp4,takeoff,PTLFlow_dpflow_things,14,0.0,0.0,0.0,0.0,0.0,0.0,0.0,0.0,0.0,0.0,0.0,0.0,0.0,0.0,0.0,0.0,0.0
Nathan_Schott__009_minor-crash.mp4,Nathan_Schott,009_minor-crash.mp4,minor-crash,PTLFlow_dpflow_things,14,0.0,0.0,0.0,0.0,0.0,0.0,0.0,0.0,0.0,0.0,0.0,0.0,0.0,0.0,0.0,0.0,0.0
Nathan_Schott__010_takeoff.mp4,Nathan_Schott,010_takeoff.mp4,takeoff,PTLFlow_dpflow_things,14,0.0,0.0,0.0,0.0,0.0,0.0,0.0,0.0,0.0,0.0,0.0,0.0,0.0,0.0,0.0,0.0,0.0
Nicholas_Welch__001_minor-crash.mp4,Nicholas_Welch,001_minor-crash.mp4,minor-crash,PTLFlow_dpflow_things,14,0.0,0.0,0.0,0.0,0.0,0.0,0.0,0.0,0.0,0.0,0.0,0.0,0.0,0.0,0.0,0.0,0.0
Nicholas_Welch__002_minor-crash.mp4,Nicholas_Welch,002_minor-crash.mp4,minor-crash,PTLFlow_dpflow_things,14,0.0,0.0,0.0,0.0,0.0,0.0,0.0,0.0,0.0,0.0,0.0,0.0,0.0,0.0,0.0,0.0,0.0
Patrick_Curry6__001_takeoff.mp4,Patrick_Curry6,001_takeoff.mp4,takeoff,PTLFlow_dpflow_things,14,0.0,0.0,0.0,0.0,0.0,0.0,0.0,0.0,0.0,0.0,0.0,0.0,0.0,0.0,0.0,0.0,0.0
Patrick_Curry7__001_takeoff.mp4,Patrick_Curry7,001_takeoff.mp4,takeoff,PTLFlow_dpflow_things,14,0.0,0.0,0.0,0.0,0.0,0.0,0.0,0.0,0.0,0.0,0.0,0.0,0.0,0.0,0.0,0.0,0.0
Patrick_Curry7__002_minor-crash.mp4,Patrick_Curry7,002_minor-crash.mp4,minor-crash,PTLFlow_dpflow_things,14,0.0,0.0,0.0,0.0,0.0,0.0,0.0,0.0,0.0,0.0,0.0,0.0,0.0,0.0,0.0,0.0,0.0
Patrick_Curry7__003_minor-crash.mp4,Patrick_Curry7,003_minor-crash.mp4,minor-crash,PTLFlow_dpflow_things,14,0.0,0.0,0.0,0.0,0.0,0.0,0.0,0.0,0.0,0.0,0.0,0.0,0.0,0.0,0.0,0.0,0.0
Samuel_Apigian__001_takeoff.mp4,Samuel_Apigian,001_takeoff.mp4,takeoff,PTLFlow_dpflow_things,13,0.0,0.0,0.0,0.0,0.0,0.0,0.0,0.0,0.0,0.0,0.0,0.0,0.0,0.0,0.0,0.0,0.0
Samuel_Dunn1__001_severe-crash.mp4,Samuel_Dunn1,001_severe-crash.mp4,severe-crash,PTLFlow_dpflow_things,14,0.0,0.0,0.0,0.0,0.0,0.0,0.0,0.0,0.0,0.0,0.0,0.0,0.0,0.0,0.0,0.0,0.0
Samuel_Dunn2__001_takeoff.mp4,Samuel_Dunn2,001_takeoff.mp4,takeoff,PTLFlow_dpflow_things,14,0.0,0.0,0.0,0.0,0.0,0.0,0.0,0.0,0.0,0.0,0.0,0.0,0.0,0.0,0.0,0.0,0.0
Samuel_Dunn2__002_severe-crash.mp4,Samuel_Dunn2,002_severe-crash.mp4,severe-crash,PTLFlow_dpflow_things,14,0.0,0.0,0.0,0.0,0.0,0.0,0.0,0.0,0.0,0.0,0.0,0.0,0.0,0.0,0.0,0.0,0.0
Samuel_Dunn3__001_takeoff.mp4,Samuel_Dunn3,001_takeoff.mp4,takeoff,PTLFlow_dpflow_things,14,0.0,0.0,0.0,0.0,0.0,0.0,0.0,0.0,0.0,0.0,0.0,0.0,0.0,0.0,0.0,0.0,0.0
Samuel_Dunn3__002_severe-crash.mp4,Samuel_Dunn3,002_severe-crash.mp4,severe-crash,PTLFlow_dpflow_things,14,0.0,0.0,0.0,0.0,0.0,0.0,0.0,0.0,0.0,0.0,0.0,0.0,0.0,0.0,0.0,0.0,0.0
Samuel_Dunn4__001_takeoff.mp4,Samuel_Dunn4,001_takeoff.mp4,takeoff,PTLFlow_dpflow_things,11,0.0,0.0,0.0,0.0,0.0,0.0,0.0,0.0,0.0,0.0,0.0,0.0,0.0,0.0,0.0,0.0,0.0
Samuel_Dunn4__002_severe-crash.mp4,Samuel_Dunn4,002_severe-crash.mp4,severe-crash,PTLFlow_dpflow_things,14,0.0,0.0,0.0,0.0,0.0,0.0,0.0,0.0,0.0,0.0,0.0,0.0,0.0,0.0,0.0,0.0,0.0
Samuel_Dunn5__001_takeoff.mp4,Samuel_Dunn5,001_takeoff.mp4,takeoff,PTLFlow_dpflow_things,14,0.0,0.0,0.0,0.0,0.0,0.0,0.0,0.0,0.0,0.0,0.0,0.0,0.0,0.0,0.0,0.0,0.0
Samuel_Dunn5__002_minor-crash.mp4,Samuel_Dunn5,002_minor-crash.mp4,minor-crash,PTLFlow_dpflow_things,14,0.0,0.0,0.0,0.0,0.0,0.0,0.0,0.0,0.0,0.0,0.0,0.0,0.0,0.0,0.0,0.0,0.0
Samuel_Dunn6__001_takeoff.mp4,Samuel_Dunn6,001_takeoff.mp4,takeoff,PTLFlow_dpflow_things,14,0.0,0.0,0.0,0.0,0.0,0.0,0.0,0.0,0.0,0.0,0.0,0.0,0.0,0.0,0.0,0.0,0.0
Samuel_Dunn6__002_minor-crash.mp4,Samuel_Dunn6,002_minor-crash.mp4,minor-crash,PTLFlow_dpflow_things,14,0.0,0.0,0.0,0.0,0.0,0.0,0.0,0.0,0.0,0.0,0.0,0.0,0.0,0.0,0.0,0.0,0.0
Samuel_Dunn6__003_takeoff.mp4,Samuel_Dunn6,003_takeoff.mp4,takeoff,PTLFlow_dpflow_things,14,0.0,0.0,0.0,0.0,0.0,0.0,0.0,0.0,0.0,0.0,0.0,0.0,0.0,0.0,0.0,0.0,0.0
Samuel_Dunn6__004_takeoff.mp4,Samuel_Dunn6,004_takeoff.mp4,takeoff,PTLFlow_dpflow_things,14,0.0,0.0,0.0,0.0,0.0,0.0,0.0,0.0,0.0,0.0,0.0,0.0,0.0,0.0,0.0,0.0,0.0
Samuel_Dunn6__005_land.mp4,Samuel_Dunn6,005_land.mp4,land,PTLFlow_dpflow_things,14,0.0,0.0,0.0,0.0,0.0,0.0,0.0,0.0,0.0,0.0,0.0,0.0,0.0,0.0,0.0,0.0,0.0
Samuel_Dunn7__001_takeoff.mp4,Samuel_Dunn7,001_takeoff.mp4,takeoff,PTLFlow_dpflow_things,14,0.0,0.0,0.0,0.0,0.0,0.0,0.0,0.0,0.0,0.0,0.0,0.0,0.0,0.0,0.0,0.0,0.0
Samuel_Dunn7__002_minor-crash.mp4,Samuel_Dunn7,002_minor-crash.mp4,minor-crash,PTLFlow_dpflow_things,14,0.0,0.0,0.0,0.0,0.0,0.0,0.0,0.0,0.0,0.0,0.0,0.0,0.0,0.0,0.0,0.0,0.0
Samuel_Dunn7__003_minor-crash.mp4,Samuel_Dunn7,003_minor-crash.mp4,minor-crash,PTLFlow_dpflow_things,14,0.0,0.0,0.0,0.0,0.0,0.0,0.0,0.0,0.0,0.0,0.0,0.0,0.0,0.0,0.0,0.0,0.0
Samuel_Dunn7__004_takeoff.mp4,Samuel_Dunn7,004_takeoff.mp4,takeoff,PTLFlow_dpflow_things,14,0.0,0.0,0.0,0.0,0.0,0.0,0.0,0.0,0.0,0.0,0.0,0.0,0.0,0.0,0.0,0.0,0.0
Samuel_Dunn7__005_minor-crash.mp4,Samuel_Dunn7,005_minor-crash.mp4,minor-crash,PTLFlow_dpflow_things,14,0.0,0.0,0.0,0.0,0.0,0.0,0.0,0.0,0.0,0.0,0.0,0.0,0.0,0.0,0.0,0.0,0.0
Samuel_Dunn__001_land.mp4,Samuel_Dunn,001_land.mp4,land,PTLFlow_dpflow_things,14,0.0,0.0,0.0,0.0,0.0,0.0,0.0,0.0,0.0,0.0,0.0,0.0,0.0,0.0,0.0,0.0,0.0
Samuel_Dunn__002_takeoff.mp4,Samuel_Dunn,002_takeoff.mp4,takeoff,PTLFlow_dpflow_things,14,0.0,0.0,0.0,0.0,0.0,0.0,0.0,0.0,0.0,0.0,0.0,0.0,0.0,0.0,0.0,0.0,0.0
Shontal_Botros1__001_takeoff.mp4,Shontal_Botros1,001_takeoff.mp4,takeoff,PTLFlow_dpflow_things,8,0.0,0.0,0.0,0.0,0.0,0.0,0.0,0.0,0.0,0.0,0.0,0.0,0.0,0.0,0.0,0.0,0.0
Shontal_Botros1__002_minor-crash.mp4,Shontal_Botros1,002_minor-crash.mp4,minor-crash,PTLFlow_dpflow_things,14,0.0,0.0,0.0,0.0,0.0,0.0,0.0,0.0,0.0,0.0,0.0,0.0,0.0,0.0,0.0,0.0,0.0
Shontal_Botros2__001_minor-crash.mp4,Shontal_Botros2,001_minor-crash.mp4,minor-crash,PTLFlow_dpflow_things,14,0.0,0.0,0.0,0.0,0.0,0.0,0.0,0.0,0.0,0.0,0.0,0.0,0.0,0.0,0.0,0.0,0.0
Shontal_Botros3__001_takeoff.mp4,Shontal_Botros3,001_takeoff.mp4,takeoff,PTLFlow_dpflow_things,14,0.0,0.0,0.0,0.0,0.0,0.0,0.0,0.0,0.0,0.0,0.0,0.0,0.0,0.0,0.0,0.0,0.0
Shontal_Botros__001_takeoff.mp4,Shontal_Botros,001_takeoff.mp4,takeoff,PTLFlow_dpflow_things,8,0.0,0.0,0.0,0.0,0.0,0.0,0.0,0.0,0.0,0.0,0.0,0.0,0.0,0.0,0.0,0.0,0.0
Shontal_Botros__002_land.mp4,Shontal_Botros,002_land.mp4,land,PTLFlow_dpflow_things,9,0.0,0.0,0.0,0.0,0.0,0.0,0.0,0.0,0.0,0.0,0.0,0.0,0.0,0.0,0.0,0.0,0.0
Wang_Hii1__001_takeoff.mp4,Wang_Hii1,001_takeoff.mp4,takeoff,PTLFlow_dpflow_things,14,0.0,0.0,0.0,0.0,0.0,0.0,0.0,0.0,0.0,0.0,0.0,0.0,0.0,0.0,0.0,0.0,0.0
Wang_Hii1__002_takeoff.mp4,Wang_Hii1,002_takeoff.mp4,takeoff,PTLFlow_dpflow_things,14,0.0,0.0,0.0,0.0,0.0,0.0,0.0,0.0,0.0,0.0,0.0,0.0,0.0,0.0,0.0,0.0,0.0
Wang_Hii1__003_minor-crash.mp4,Wang_Hii1,003_minor-crash.mp4,minor-crash,PTLFlow_dpflow_things,14,0.0,0.0,0.0,0.0,0.0,0.0,0.0,0.0,0.0,0.0,0.0,0.0,0.0,0.0,0.0,0.0,0.0
Wang_Hii1__004_takeoff.mp4,Wang_Hii1,004_takeoff.mp4,takeoff,PTLFlow_dpflow_things,14,0.0,0.0,0.0,0.0,0.0,0.0,0.0,0.0,0.0,0.0,0.0,0.0,0.0,0.0,0.0,0.0,0.0
Wang_Hii2__001_takeoff.mp4,Wang_Hii2,001_takeoff.mp4,takeoff,PTLFlow_dpflow_things,14,0.0,0.0,0.0,0.0,0.0,0.0,0.0,0.0,0.0,0.0,0.0,0.0,0.0,0.0,0.0,0.0,0.0
Wang_Hii2__002_minor-crash.mp4,Wang_Hii2,002_minor-crash.mp4,minor-crash,PTLFlow_dpflow_things,14,0.0,0.0,0.0,0.0,0.0,0.0,0.0,0.0,0.0,0.0,0.0,0.0,0.0,0.0,0.0,0.0,0.0
Wang_Hii2__003_takeoff.mp4,Wang_Hii2,003_takeoff.mp4,takeoff,PTLFlow_dpflow_things,14,0.0,0.0,0.0,0.0,0.0,0.0,0.0,0.0,0.0,0.0,0.0,0.0,0.0,0.0,0.0,0.0,0.0
Wang_Hii2__004_land.mp4,Wang_Hii2,004_land.mp4,land,PTLFlow_dpflow_things,14,0.0,0.0,0.0,0.0,0.0,0.0,0.0,0.0,0.0,0.0,0.0,0.0,0.0,0.0,0.0,0.0,0.0
Wang_Hii3__001_takeoff.mp4,Wang_Hii3,001_takeoff.mp4,takeoff,PTLFlow_dpflow_things,14,0.0,0.0,0.0,0.0,0.0,0.0,0.0,0.0,0.0,0.0,0.0,0.0,0.0,0.0,0.0,0.0,0.0
Wang_Hii3__002_takeoff.mp4,Wang_Hii3,002_takeoff.mp4,takeoff,PTLFlow_dpflow_things,14,0.0,0.0,0.0,0.0,0.0,0.0,0.0,0.0,0.0,0.0,0.0,0.0,0.0,0.0,0.0,0.0,0.0
Wang_Hii3__003_land.mp4,Wang_Hii3,003_land.mp4,land,PTLFlow_dpflow_things,14,0.0,0.0,0.0,0.0,0.0,0.0,0.0,0.0,0.0,0.0,0.0,0.0,0.0,0.0,0.0,0.0,0.0
Wang_Hii3__004_takeoff.mp4,Wang_Hii3,004_takeoff.mp4,takeoff,PTLFlow_dpflow_things,14,0.0,0.0,0.0,0.0,0.0,0.0,0.0,0.0,0.0,0.0,0.0,0.0,0.0,0.0,0.0,0.0,0.0
Wang_Hii4__001_takeoff.mp4,Wang_Hii4,001_takeoff.mp4,takeoff,PTLFlow_dpflow_things,14,0.0,0.0,0.0,0.0,0.0,0.0,0.0,0.0,0.0,0.0,0.0,0.0,0.0,0.0,0.0,0.0,0.0
