clip_group,session_name,clip_filename,label,steps,roi_available_rate,both_detected_rate,any_detected_rate,flow_dx_norm_per_sec_mean,flow_dx_norm_per_sec_max,flow_dx_norm_per_sec_min,flow_dx_norm_per_sec_std,flow_dy_norm_per_sec_mean,flow_dy_norm_per_sec_max,flow_dy_norm_per_sec_min,flow_dy_norm_per_sec_std,flow_mag_norm_per_sec_mean,flow_mag_norm_per_sec_max,flow_mag_norm_per_sec_min,flow_mag_norm_per_sec_std,flow_mag_mean_mean,flow_mag_mean_max,flow_mag_mean_min,flow_mag_mean_std,flow_mag_max_mean,flow_mag_max_max,flow_mag_max_min,flow_mag_max_std,det_vx_norm_per_sec_mean,det_vx_norm_per_sec_max,det_vx_norm_per_sec_min,det_vx_norm_per_sec_std,det_vy_norm_per_sec_mean,det_vy_norm_per_sec_max,det_vy_norm_per_sec_min,det_vy_norm_per_sec_std,det_speed_norm_per_sec_mean,det_speed_norm_per_sec_max,det_speed_norm_per_sec_min,det_speed_norm_per_sec_std,det_speed_mean,det_speed_max,det_speed_min,det_speed_std,conf_a_mean,conf_a_max,conf_a_min,conf_a_std,conf_b_mean,conf_b_max,conf_b_min,conf_b_std,max_downward_flow,max_upward_flow,mean_downward_flow,max_downward_det_vy,max_upward_det_vy,mean_downward_det_vy,det_accel_mean,det_accel_max
15_minutes_of_drone_footage_Ashleigh_Moffett__15_minutes_of_drone_footage_Ashleigh_Moffett/clips/001_takeoff.mp4,15_minutes_of_drone_footage_Ashleigh_Moffett,15_minutes_of_drone_footage_Ashleigh_Moffett/clips/001_takeoff.mp4,takeoff,14,0.9285714285714286,0.8571428571428571,0.9285714285714286,-0.010705842226538089,0.02929257849852245,-0.06145351007580765,0.025020147265988803,0.01502495016519692,0.13731782966189932,-0.09843461381064524,0.056319363973705946,0.04317938898807205,0.10432761907577529,0.0,0.031002765591555043,5.530666198049273,13.353935241699219,0.0,3.9669016853102357,12.46130759375436,29.883703231811523,0.0,7.932864691237826,-0.030655872423596322,0.14453124999999986,-0.11718750000000003,0.06979967092008568,-0.1794993287530599,0.20833333333333362,-2.8472222222222197,0.775028198927032,0.1847578952679904,1.6080708080283057,0.0,0.41250082236214164,23.65555424407636,205.8330634276233,0.0,52.798824686567706,0.8361147940158844,0.9251362085342408,0.0,0.24109192222053322,0.771508297749928,0.9251362085342408,0.0,0.32717976167187,0.13731782966189932,-0.09843461381064524,0.04285440843683462,0.20833333333333362,-2.8472222222222197,0.12268518518518523,0.25519288006665714,1.6080708080283057
15_minutes_of_drone_footage_Ashleigh_Moffett__15_minutes_of_drone_footage_Ashleigh_Moffett/clips/002_takeoff.mp4,15_minutes_of_drone_footage_Ashleigh_Moffett,15_minutes_of_drone_footage_Ashleigh_Moffett/clips/002_takeoff.mp4,takeoff,14,1.0,1.0,1.0,0.007025163912576077,0.0345565156260533,-0.014266075566411029,0.013245779235741748,0.0027826502098139477,0.05326849222183228,-0.026563357975747826,0.022819902111094588,0.030493524728452768,0.07098644971847531,0.015995621829483643,0.014574483182999365,3.9073554618018016,9.086265563964844,2.0576767921447754,1.8666299565131605,11.80921731676374,23.836715698242188,4.39939022064209,5.4633533601748,0.05799406982942429,0.7773437499999998,-0.11718749999999989,0.2145726414335602,-0.046548013898760184,1.1319444444444442,-0.7986111111111112,0.4211447201944648,0.18392972312206698,1.0048253939195726,0.028168369339562453,0.2647413946553771,23.55621198244835,128.61765042170535,3.605551275463989,33.88268025740426,0.8723777277129037,0.9065477252006532,0.8252394795417786,0.02066438734644166,0.8734896353312901,0.9065477252006532,0.8252394795417786,0.02071289607918998,0.05326849222183228,-0.026563357975747826,0.017166236930043113,1.1319444444444442,-0.7986111111111112,0.2804864566058596,0.19067067550416186,0.9441840865123068
15_minutes_of_drone_footage_Ashleigh_Moffett__15_minutes_of_drone_footage_Ashleigh_Moffett/clips/003_land.mp4,15_minutes_of_drone_footage_Ashleigh_Moffett,15_minutes_of_drone_footage_Ashleigh_Moffett/clips/003_land.mp4,land,14,0.7857142857142857,0.5,0.7857142857142857,-0.0019006893574822815,0.005418733227998013,-0.010994758456945435,0.0053795193226164615,-0.004986477389750458,0.015583664178848268,-0.020236710707346582,0.010878581688037767,0.016948143848335186,0.031232237815856954,0.0,0.010554689811418187,2.171266181128366,3.9977264404296875,0.0,1.3518182423264347,8.081058400017875,17.107223510742188,0.0,5.690299551042065,0.02256019012082449,0.2890625000000004,-0.18749999999999983,0.10079497930464353,-0.10564242280660185,0.2013888888888889,-0.7291666666666661,0.2507472353891276,0.10986506469439841,0.45098159542719934,0.0,0.14630628687456676,14.06795711491625,57.72564421468157,0.0,18.72738873862862,0.47487288287707735,0.8399608135223389,0.0,0.3902621950362409,0.4723411074706486,0.8399608135223389,0.0,0.38786962128652974,0.015583664178848268,-0.020236710707346582,0.009835372644442106,0.2013888888888889,-0.7291666666666661,0.1736111111111111,0.1110442136535795,0.45098159542719934
15_minutes_of_drone_footage_Ashleigh_Moffett__15_minutes_of_drone_footage_Ashleigh_Moffett/clips/004_minor-crash.mp4,15_minutes_of_drone_footage_Ashleigh_Moffett,15_minutes_of_drone_footage_Ashleigh_Moffett/clips/004_minor-crash.mp4,minor-crash,14,1.0,1.0,1.0,-0.00011708222804503053,0.020411035045981435,-0.020081820476114447,0.010661516270991442,-0.005150353960153933,0.019501330049872194,-0.02313015692763859,0.011996632761817104,0.02573773001970005,0.04647659510374069,0.016618732362985597,0.008445722943927708,3.297824433871678,5.949004173278809,2.127197742462158,1.0809450825732103,9.134033407483782,15.575149536132812,6.166322708129883,2.8027475777369055,-0.008970215884861401,0.17968750000000006,-0.1640625,0.12021377420973339,0.0505582208007581,0.2833056937534548,-0.1666666666666668,0.15008207788603573,0.13786570761081582,0.22114343522997132,0.07967217989988719,0.045463207338944565,17.667162645333388,28.30635970943632,10.198039027185569,5.832265009850931,0.8054387697151729,0.8518566489219666,0.7219789028167725,0.03242219910246298,0.8089610040187836,0.8609042763710022,0.7219789028167725,0.0356591222263551,0.019501330049872194,-0.02313015692763859,0.008691917818643036,0.2833056937534548,-0.1666666666666668,0.1560729339414041,0.0374564526730466,0.13485155228319592
15_minutes_of_drone_footage_Ashleigh_Moffett__15_minutes_of_drone_footage_Ashleigh_Moffett/clips/005_minor-crash.mp4,15_minutes_of_drone_footage_Ashleigh_Moffett,15_minutes_of_drone_footage_Ashleigh_Moffett/clips/005_minor-crash.mp4,minor-crash,14,1.0,0.6428571428571429,1.0,0.0005471022907090512,0.03144232120679978,-0.03938762843608853,0.01616455731736224,0.007153605094983673,0.04527769817246337,-0.02073476215203603,0.022232962866336966,0.025935180606049112,0.04339820146560665,0.01393856294453146,0.010077664271379115,3.3242269158363342,5.554969787597656,1.7841360569000244,1.2940864982848543,9.947953258241926,19.07729148864746,3.5035524368286133,4.925980373968945,0.0335459976901208,0.3164062499999997,-0.3264925373134329,0.14418715812078395,0.00843253968253967,0.16666666666666652,-0.055555555555555566,0.05796529201883531,0.08787700770920069,0.33000299625770413,0.0,0.12154334445113207,11.271221496173961,42.24038352098617,0.0,15.592611474616888,0.6539342445986611,0.8239498734474182,0.0,0.28280032824867124,0.6056855363505227,0.8239498734474182,0.0,0.3321564619527169,0.04527769817246337,-0.02073476215203603,0.025501266171876116,0.16666666666666652,-0.055555555555555566,0.09946793808734102,0.09501299937429263,0.33000299625770413
4_18_2024(Fifth)__4_18_2024(Fifth)/clips/001_minor-crash.mp4,4_18_2024(Fifth),4_18_2024(Fifth)/clips/001_minor-crash.mp4,minor-crash,14,1.0,1.0,1.0,0.006503932170987567,0.02888115447255508,-0.010796437971293926,0.012625382496399305,-0.010074841338305772,0.10728689697053712,-0.08257524686468579,0.04701462569192874,0.05067108580928664,0.09105234593153,0.02018261328339576,0.020382668902724006,6.492989880698068,11.65470027923584,2.583374500274658,2.6102061926944913,38.66651446478708,79.3244400024414,15.862536430358887,20.211118813916432,-0.00567197494669513,0.25,-0.34375000000000044,0.16161717956682123,-0.07860005527915982,1.6307352128247645,-0.8680555555555561,0.7491311992570578,0.39551583913570976,0.9256825650873253,0.18158811404952263,0.19328790870359316,50.69501857677046,119.07980517283357,23.243278598338918,24.852969612089197,0.9077486608709607,0.9196304678916932,0.861467182636261,0.017397325416291895,0.9065001436642238,0.9196304678916932,0.861467182636261,0.017176063522580883,0.10728689697053712,-0.08257524686468579,0.03185701668262484,1.6307352128247645,-0.8680555555555561,0.9441421365395245,0.17115274760183366,0.4693864148101039
4_18_2024(Fifth)__4_18_2024(Fifth)/clips/002_minor-crash.mp4,4_18_2024(Fifth),4_18_2024(Fifth)/clips/002_minor-crash.mp4,minor-crash,14,0.9285714285714286,0.5,0.9285714285714286,0.0069493633525169254,0.05054510384798054,-0.022396611049771316,0.01924636182494466,0.022051806504208828,0.1475273105833264,-0.04103165624417145,0.04691822494468064,0.05785850535114458,0.1260336786508559,0.0,0.035542093718066374,7.4116984605789185,16.13231086730957,0.0,4.546795470070418,47.45640114375523,115.81192779541016,0.0,31.75007554043557,-0.00831917421819475,0.28125000000000006,-0.25000000000000017,0.12199144217777752,-0.23458353075890387,0.034722222222222224,-1.256944444444444,0.4014363649688695,0.16613274623241184,0.7109160367639238,0.0,0.2344643225964118,21.27215414901053,90.99725270578227,0.0,30.01113435690965,0.6135952259813037,0.9506643414497375,0.0,0.42027140808371766,0.6141621385301862,0.9586011171340942,0.0,0.4207661245828802,0.1475273105833264,-0.04103165624417145,0.0397767142598111,0.034722222222222224,-1.256944444444444,0.034722222222222224,0.16926840791804937,0.7109160367639238
4_18_2024(First)1__4_18_2024(First)1/clips/001_takeoff.mp4,4_18_2024(First)1,4_18_2024(First)1/clips/001_takeoff.mp4,takeoff,14,1.0,0.9285714285714286,1.0,-0.0009923567259869555,0.009155134670436379,-0.013436517678201188,0.007066820355631104,-0.00013174702804869483,0.019325655367639322,-0.01862534383932752,0.011499288596017404,0.018956008782430256,0.05152155807362265,0.004775057644096772,0.01621865397472659,2.4295351803302765,6.62773323059082,0.6142634153366089,2.0806530007604547,15.625261340822492,41.77760696411133,5.795205116271973,11.33510071969258,0.016387093550106584,0.2254353233830845,-0.11718750000000003,0.09638846951097776,-0.06978993919292426,0.25566611387506905,-0.7531785516860141,0.3275536204555476,0.15809357686264772,0.47990766590632916,0.0,0.13517054257602418,20.268611986998923,61.735322142190206,0.0,17.356149771737464,0.9109428737844739,0.946044623851776,0.8303792476654053,0.03484243341481286,0.8450428290026528,0.946044623851776,0.0,0.24568014393640458,0.019325655367639322,-0.01862534383932752,0.009292763584468247,0.25566611387506905,-0.7531785516860141,0.14388992537313433,0.09504483726898298,0.47990766590632916
4_18_2024(Second)__4_18_2024(Second)/clips/002_minor-crash.mp4,4_18_2024(Second),4_18_2024(Second)/clips/002_minor-crash.mp4,minor-crash,14,0.9285714285714286,0.7857142857142857,0.9285714285714286,0.0031992922153611233,0.05308302864432342,-0.01880304329097271,0.019313923639130662,-0.004551744421968546,0.04252439737319952,-0.04887491133477953,0.0227533534307156,0.03320802866223758,0.06826437264680871,0.0,0.01927225797258657,4.253658499036517,8.737839698791504,0.0,2.46571776287092,43.22056559153965,132.84397888183594,0.0,36.86892466818303,-0.04820068185856429,0.5820312500000008,-0.3828125000000005,0.2090509636441964,0.07742537313432829,0.9791666666666657,-0.7847222222222224,0.5556534923043168,0.2994935689236298,0.6114872247042971,0.0,0.22212958244641554,38.36438576739369,78.27036476214992,0.0,28.436413094249428,0.7556559486048562,0.9135924577713012,0.0,0.3287026549439519,0.7528455299990517,0.9135924577713012,0.0,0.3274333897301223,0.04252439737319952,-0.04887491133477953,0.015464084392393943,0.9791666666666657,-0.7847222222222224,0.5910378662244334,0.17997550524727166,0.6114872247042971
Alex_Petrone_FPV_Drone_1__Alex_Petrone_FPV_Drone_1/clips/001_severe-crash.mp4,Alex_Petrone_FPV_Drone_1,Alex_Petrone_FPV_Drone_1/clips/001_severe-crash.mp4,severe-crash,14,0.9285714285714286,0.7857142857142857,0.9285714285714286,-0.003950678180892771,0.0018225387387459564,-0.028979631872912543,0.007897357321776733,-0.02579774295639695,0.006322143831063265,-0.09419004056518282,0.03334759333365937,0.018556102748821916,0.055361072074121484,0.0,0.017736208430834118,2.383091932960919,7.12164831161499,0.0,2.2785054161147995,6.9591279711042136,16.116802215576172,0.0,4.201295082805839,-0.02897204824093818,0.26041666666666663,-0.24999999999999992,0.11936959345355996,-0.06136727078891256,0.40077390823659514,-0.5251520176893311,0.23111128600613298,0.11176469388600703,0.39379794890317166,0.0,0.14101092026462347,14.349066825787059,50.65816814690401,0.0,18.11174701085408,0.7298994575228009,0.9166442155838012,0.0,0.31145232163467995,0.722803784268243,0.8951200842857361,0.0,0.30798280919205717,0.006322143831063265,-0.09419004056518282,0.0023226502842543725,0.40077390823659514,-0.5251520176893311,0.28024806522940865,0.05208841382594718,0.3001920571307469
Drone_Flight_ENGR_3540__Drone_Flight_ENGR_3540/clips/004_takeoff.mp4,Drone_Flight_ENGR_3540,Drone_Flight_ENGR_3540/clips/004_takeoff.mp4,takeoff,14,1.0,1.0,1.0,0.001852566904225179,0.009801165200769898,-0.007310493849217892,0.004211487517834515,0.001645825260008377,0.014557012253337439,-0.010204397969775732,0.00899679407028947,0.012680914818442293,0.031009593978524246,0.007377460598945619,0.00619735905248533,1.6231570967606135,3.9692280292510986,0.9443149566650391,0.7932619587181211,10.469169650759016,16.75772476196289,6.474499702453613,3.1379336046680555,0.025111607142857144,0.06640624999999997,-0.03125,0.02459645979562957,-0.10912698412698416,0.02083333333333334,-0.2777777777777778,0.09425526913152264,0.0769242796882235,0.15934435979977452,0.024705294220065472,0.04219435028750117,9.846307800092607,20.396078054371138,3.1622776601683795,5.4008768368001485,0.881227616752897,0.9080744981765748,0.8552947640419006,0.015581659733182152,0.871082774230412,0.9080744981765748,0.7500691413879395,0.03802812672334967,0.014557012253337439,-0.010204397969775732,0.011197974422463666,0.02083333333333334,-0.2777777777777778,0.017361111111111115,0.024505689537849686,0.05947815810677336
Drone_Flight_ENGR_3540__Drone_Flight_ENGR_3540/clips/005_takeoff.mp4,Drone_Flight_ENGR_3540,Drone_Flight_ENGR_3540/clips/005_takeoff.mp4,takeoff,14,0.8571428571428571,0.6428571428571429,0.8571428571428571,-0.0002621087229012377,0.004043134860694409,-0.007180649321526282,0.0034297363714755787,0.01041830676267781,0.048141790760887954,-0.0016235740234454476,0.015656824899787845,0.007554315596020648,0.028030071407556513,0.0,0.008475259455187704,0.9669523962906429,3.5878491401672363,0.0,1.084833210264026,4.439230799674988,8.076473236083984,0.0,3.1894996938412437,0.021484375,0.07812499999999993,0.0,0.02807445712259393,-0.020833333333333336,0.013888888888888888,-0.1666666666666667,0.04662454855561815,0.027259251720714067,0.11267347735824969,0.0,0.03634206777774839,3.4891842202514014,14.422205101855956,0.0,4.651784675551794,0.6196226605347225,0.8495972156524658,0.0,0.3492166856026696,0.5624729182038989,0.8495972156524658,0.0,0.3813958156294549,0.048141790760887954,-0.0016235740234454476,0.014825178289579022,0.013888888888888888,-0.1666666666666667,0.009259259259259259,0.016162078232400564,0.11267347735824969
Drone_Flight_ENGR_3540__Drone_Flight_ENGR_3540/clips/006_severe-crash.mp4,Drone_Flight_ENGR_3540,Drone_Flight_ENGR_3540/clips/006_severe-crash.mp4,severe-crash,14,0.6428571428571429,0.5714285714285714,0.6428571428571429,-0.0001135273840710784,0.0017565116286277775,-0.003916853107511994,0.001517435555189462,-0.012402431980248476,0.016023019949595135,-0.06012203296025595,0.02159276961773908,0.008793695014901457,0.033977985382080085,0.0,0.011144315908195342,1.1255929619073868,4.34918212890625,0.0,1.4264724362490042,4.446203436170306,18.011648178100586,0.0,6.010715831161634,-0.07254464285714313,2.7460937499999973,-3.355468750000001,1.2035402496257002,0.2217261904761903,3.076388888888886,-0.11805555555555558,0.8245866844216504,0.507910032627231,3.3561257905903394,0.0,1.1866971812927856,65.01248417628558,429.58410119556333,0.0,151.8972392054766,0.40951912317957195,0.833713710308075,0.0,0.39218607535656663,0.4679851233959198,0.833713710308075,0.0,0.38742266574209333,0.016023019949595135,-0.06012203296025595,0.00908687607281738,3.076388888888886,-0.11805555555555558,1.1180555555555547,0.4799358798914672,3.3561257905903394
Drone_Flight_ENGR_3540__Drone_Flight_ENGR_3540/clips/007_severe-crash.mp4,Drone_Flight_ENGR_3540,Drone_Flight_ENGR_3540/clips/007_severe-crash.mp4,severe-crash,14,0.6428571428571429,0.35714285714285715,0.6428571428571429,0.008746420765029536,0.09878387302160263,-0.039148364216089235,0.04148710155214526,-0.0043282855619927755,0.0423222581545512,-0.03471630149417458,0.018815589103650856,0.03587348998657295,0.11381203681230545,0.0,0.0377070719753703,4.591806718281338,14.567940711975098,0.0,4.826505212847398,14.986052308763776,53.02073287963867,0.0,16.536736207655157,0.033203125,0.10937500000000003,0.0,0.046893776287554534,0.06448412698412699,0.4305555555555554,-0.14583333333333334,0.1600222138968283,0.061374064389959335,0.2521876936182651,0.0,0.09406852037244212,7.855880241914795,32.28002478313795,0.0,12.040770607672593,0.38689903702054707,0.8419229388237,0.0,0.407441596691408,0.3863626037325178,0.841067910194397,0.0,0.4068008740472075,0.0423222581545512,-0.03471630149417458,0.027956595851315394,0.4305555555555554,-0.14583333333333334,0.26215277777777773,0.041776585013385756,0.2521876936182651
Drone_Flight_ENGR_3540__Drone_Flight_ENGR_3540/clips/008_minor-crash.mp4,Drone_Flight_ENGR_3540,Drone_Flight_ENGR_3540/clips/008_minor-crash.mp4,minor-crash,14,0.7142857142857143,0.6428571428571429,0.7142857142857143,0.0020912793282020304,0.011490982025861744,-0.005290257744491102,0.005023352270036789,-0.01015755067032481,0.00032139176295863244,-0.039166367716259434,0.012944135752271348,0.013896002833332335,0.03348302841186524,0.0,0.010908127122017228,1.7786883626665388,4.28582763671875,0.0,1.396240271618205,9.241736139569964,15.498387336730957,0.0,6.308875346230006,-0.0027901785714285724,0.05078125,-0.06640625000000001,0.03910540226444087,-0.0778769841269841,0.43750000000000006,-0.4583333333333334,0.24302012213375412,0.10952047010378825,0.26203921611325665,0.0,0.09681600149108009,14.018620173284896,33.54101966249684,0.0,12.39244819085825,0.5977754167148045,0.8746269941329956,0.0,0.3930112262024864,0.5362749908651624,0.8746269941329956,0.0,0.4153816231049045,0.00032139176295863244,-0.039166367716259434,0.00032139176295863244,0.43750000000000006,-0.4583333333333334,0.3784722222222223,0.062450802931233465,0.26203921611325665
Drone_Flight_ENGR_3540__Drone_Flight_ENGR_3540/clips/009_severe-crash.mp4,Drone_Flight_ENGR_3540,Drone_Flight_ENGR_3540/clips/009_severe-crash.mp4,severe-crash,14,0.8571428571428571,0.7857142857142857,0.8571428571428571,-0.0022059696810694212,0.0052323858253657835,-0.010993283241987232,0.00449026919160485,-0.004639849306956406,0.0,-0.015335778395334882,0.004929138849384199,0.005560067249462009,0.011006992310285572,0.0,0.0034970348953406853,0.7116886079311371,1.4088950157165527,0.0,0.4476204666036076,2.2963585342679704,6.5240583419799805,0.0,1.8190954010316118,-0.01450892857142857,0.007812500000000002,-0.09374999999999997,0.02524242861948687,-0.005456349206349209,0.03472222222222221,-0.03472222222222223,0.016155482349900396,0.018294234322157887,0.09576289587602546,0.0,0.024416902962845568,2.3416619932362104,12.257650672131263,0.0,3.125363579244234,0.6467194599764687,0.8445447683334351,0.0,0.351134779255933,0.7076316262994494,0.8527703285217285,0.0,0.30065442007909354,0.0,-0.015335778395334882,0.0,0.03472222222222221,-0.03472222222222223,0.020833333333333325,0.016013017747262673,0.09576289587602546
Drone_Flight_ENGR_3540__Drone_Flight_ENGR_3540/clips/010_takeoff.mp4,Drone_Flight_ENGR_3540,Drone_Flight_ENGR_3540/clips/010_takeoff.mp4,takeoff,14,0.9285714285714286,0.42857142857142855,0.9285714285714286,0.004822144958390191,0.030606938526034362,-0.015400959178805351,0.013070262370025823,-0.003419837130913656,0.055171900325351304,-0.02590100798341963,0.02421164665179139,0.024492176648761552,0.03837859258055688,0.0,0.010625681831188874,3.134998611041478,4.912459850311279,0.0,1.3600872743921752,14.069241046905518,28.383451461791992,0.0,8.016927840494969,-0.023995535714285716,0.02734374999999998,-0.10937499999999996,0.04195585953368331,-0.0267857142857143,0.09027777777777769,-0.2847222222222223,0.08900971450856332,0.040852295473294616,0.18363530114911192,0.0,0.05774392085561032,5.229093820581711,23.50531854708632,0.0,7.39122186951812,0.5662769504955837,0.8511049747467041,0.0,0.37830063604949987,0.5054837380136762,0.848036527633667,0.0,0.3969352787536921,0.055171900325351304,-0.02590100798341963,0.02725988585087989,0.09027777777777769,-0.2847222222222223,0.07638888888888884,0.047479388775806174,0.18363530114911192
Drone_Flight_ENGR_3540__Drone_Flight_ENGR_3540/clips/011_takeoff.mp4,Drone_Flight_ENGR_3540,Drone_Flight_ENGR_3540/clips/011_takeoff.mp4,takeoff,14,0.7142857142857143,0.35714285714285715,0.7142857142857143,-0.0015312086325138827,0.005313018336892128,-0.011576860211789624,0.004534714118525786,0.013081383906186576,0.03849892814954127,-0.027276717954211764,0.01790562483255044,0.014171617970402752,0.04984443262219425,0.0,0.013171883175016181,1.8139671002115523,6.380087375640869,0.0,1.6860010464020723,6.268902591296604,31.995166778564453,0.0,8.47267605452737,-0.002232142857142707,0.9453125000000012,-0.9609374999999991,0.3738611835996175,0.010912698412698646,1.3888888888888908,-1.3263888888888877,0.532763745309659,0.17835696177435809,1.2263634392610756,0.0,0.44200426886781297,22.829691107117835,156.97452022541748,0.0,56.576546415080045,0.25954184361866545,0.7185670733451843,0.0,0.27798816470005444,0.309596632208143,0.7185670733451843,0.0,0.2904700985244425,0.03849892814954127,-0.027276717954211764,0.023379565848980426,1.3888888888888908,-1.3263888888888877,0.3697916666666672,0.17699851310297712,1.2263634392610756
Drone_Flight_ENGR_3540__Drone_Flight_ENGR_3540/clips/013_severe-crash.mp4,Drone_Flight_ENGR_3540,Drone_Flight_ENGR_3540/clips/013_severe-crash.mp4,severe-crash,14,0.5,0.35714285714285715,0.5,-0.002751653714637673,0.02353309653699396,-0.015320394188165684,0.00942419337420989,0.013489621558359696,0.06761348247528084,-0.020005451308356372,0.024481086796016276,0.011851039582065173,0.041945490986108835,0.0,0.014853903443468718,1.5169330665043421,5.369022846221924,0.0,1.9012996407639953,3.2444649934768677,11.65290641784668,0.0,4.088872693580203,-0.005580357142857143,0.0,-0.02343749999999998,0.00849128790557296,0.01835317460317461,0.0902777777777779,0.0,0.02991350785363729,0.012137720343693278,0.054407766707750535,0.0,0.01857102982900771,1.5536282039927392,6.96419413859206,0.0,2.377091818112986,0.3412451318332127,0.8231658339500427,0.0,0.40912997491546765,0.3412451318332127,0.8231658339500427,0.0,0.40912997491546765,0.06761348247528084,-0.020005451308356372,0.03481002552089869,0.0902777777777779,0.0,0.05138888888888891,0.009020343892122723,0.054407766707750535
Drone_Flight_ENGR_3540__Drone_Flight_ENGR_3540/clips/014_minor-crash.mp4,Drone_Flight_ENGR_3540,Drone_Flight_ENGR_3540/clips/014_minor-crash.mp4,minor-crash,14,0.9285714285714286,0.7142857142857143,0.9285714285714286,-0.003977137594704671,0.005701220594346531,-0.02611962705850602,0.00801206498603667,-0.01949701996682774,0.003931225587924326,-0.05560298760732013,0.02115321876835996,0.01571345196238586,0.03733804821968079,0.0,0.012240553874559206,2.01132185118539,4.779270172119141,0.0,1.5667908959435783,9.021483131817408,13.339802742004395,0.0,4.35748630728099,0.027622767857142842,0.2695312499999998,-0.19921875000000006,0.1335832440562476,0.045138888888888874,0.13888888888888878,-0.14583333333333354,0.08689632006935302,0.10941303475610084,0.28062539149471555,0.0,0.09411465629529879,14.004868448780902,35.92005011132362,0.0,12.046676005798243,0.6695707738399506,0.9263022541999816,0.0,0.3658592031579801,0.7348464471953255,0.9263022541999816,0.0,0.31522733803523695,0.003931225587924326,-0.05560298760732013,0.003931225587924326,0.13888888888888878,-0.14583333333333354,0.10850694444444445,0.059077249823175845,0.13953272684391252
Drone_Flight_ENGR_3540__Drone_Flight_ENGR_3540/clips/015_takeoff.mp4,Drone_Flight_ENGR_3540,Drone_Flight_ENGR_3540/clips/015_takeoff.mp4,takeoff,14,0.9285714285714286,0.6428571428571429,0.9285714285714286,0.00039357630001696985,0.0019009413663297896,-0.0023050110321491987,0.0011459478668638232,0.003816764099552994,0.021303133832083838,-0.0017301701009273531,0.006092950610064835,0.003412320199588848,0.012258863076567667,0.0,0.003092785200466074,0.43677698554737227,1.5691344738006592,0.0,0.3958765056596569,3.5874191990920474,6.924511432647705,0.0,2.0533363441798964,0.008091517857142858,0.027343750000000007,0.0,0.010555694953738832,0.0009920634920634786,0.15972222222222207,-0.0902777777777778,0.05620989804935873,0.02097546234203868,0.0911923244525683,0.0,0.026611189519658733,2.6848591797809513,11.672617529928752,0.0,3.406232258516319,0.6202869117259979,0.8329377770423889,0.0,0.33773640225967816,0.6207685555730548,0.8329377770423889,0.0,0.3380431469936423,0.021303133832083838,-0.0017301701009273531,0.0061976075011455035,0.15972222222222207,-0.0902777777777778,0.0717592592592592,0.024480424801619067,0.0911923244525683
Drone_Flight_ENGR_3540__Drone_Flight_ENGR_3540/clips/016_minor-crash.mp4,Drone_Flight_ENGR_3540,Drone_Flight_ENGR_3540/clips/016_minor-crash.mp4,minor-crash,14,0.8571428571428571,0.7857142857142857,0.8571428571428571,0.013568173919338735,0.038941815495491076,-0.006219431757926943,0.014033354936645983,-0.017668474302996718,0.006418162749873268,-0.09379484918382429,0.0267604166095982,0.023771997474666157,0.06140030175447462,0.0,0.015750471910913062,3.0428156767572676,7.859238624572754,0.0,2.016060404596872,9.888590233666557,15.479081153869629,0.0,4.751978282516055,-0.09458705357142853,0.17187499999999983,-0.2812499999999997,0.1363291028197087,0.0004960317460317418,0.4861111111111112,-0.3402777777777777,0.18234371531493898,0.1549608812799827,0.3188801817493524,0.0,0.11349393261244964,19.83499280383779,40.8166632639171,0.0,14.527223374393559,0.6032699601990836,0.8508903384208679,0.0,0.3441042733176448,0.6639319828578404,0.8508903384208679,0.0,0.30183579014704454,0.006418162749873268,-0.09379484918382429,0.0035062596822778395,0.4861111111111112,-0.3402777777777777,0.3472222222222222,0.07751841297169682,0.23521983152069675
Drone_Flight_ENGR_3540__Drone_Flight_ENGR_3540/clips/017_takeoff.mp4,Drone_Flight_ENGR_3540,Drone_Flight_ENGR_3540/clips/017_takeoff.mp4,takeoff,14,0.8571428571428571,0.7857142857142857,0.8571428571428571,-0.0011800660410829426,0.0026470266748219737,-0.006327885668724784,0.002776908443058511,-0.006365334099557779,0.02961811754438616,-0.045605450868606574,0.017547556133914254,0.010883260884189182,0.026091704145073898,0.0,0.007680900253025185,1.3930573931762151,3.339738130569458,0.0,0.9831552323872231,5.731853365898132,12.8534517288208,0.0,4.304849100085801,0.0011160714285714279,0.007812500000000002,-0.011718750000000003,0.00561459278390881,-0.03373015873015872,0.1805555555555556,-0.21527777777777782,0.09082498290674684,0.03843211926336008,0.12109375000000003,0.0,0.03794713355380204,4.91931126571009,15.5,0.0,4.85723309488666,0.7373518007142204,0.8745772838592529,0.0,0.3128186493125378,0.6757106525557381,0.8745772838592529,0.0,0.3665675485579479,0.02961811754438616,-0.045605450868606574,0.012427391943573547,0.1805555555555556,-0.21527777777777782,0.11805555555555558,0.026345857273872807,0.0703693432520002
Drone_Flight_ENGR_3540__Drone_Flight_ENGR_3540/clips/018_minor-crash.mp4,Drone_Flight_ENGR_3540,Drone_Flight_ENGR_3540/clips/018_minor-crash.mp4,minor-crash,14,1.0,1.0,1.0,0.0003799457086383247,0.014387873932719217,-0.012604553252458567,0.007333762858564085,-0.0074491123336234265,0.007380370464589862,-0.040152483516269245,0.011706314284613752,0.016265927930362523,0.06128940731287004,0.00287988386116922,0.015211019662062938,2.082038775086403,7.845044136047363,0.36862513422966003,1.9470105167440566,19.283828905650548,75.7927474975586,3.7102904319763184,18.36524251265083,-0.07979910714285718,0.5742187499999998,-1.1093750000000002,0.4455330991576888,-0.031250000000000014,0.298611111111111,-0.7916666666666669,0.2434863398572003,0.2922713880345428,1.195414619820776,0.02103580002786916,0.36394373204231006,37.410737668421476,153.0130713370593,2.692582403567252,46.584797701415674,0.867342689207622,0.9037319421768188,0.8318622708320618,0.020637794766109684,0.864775904587337,0.9037319421768188,0.8206236958503723,0.024036948445990393,0.007380370464589862,-0.040152483516269245,0.003926989454258648,0.298611111111111,-0.7916666666666669,0.11342592592592592,0.1617813957426835,0.597133186189308
Drone_Flight_ENGR_3540__Drone_Flight_ENGR_3540/clips/019_takeoff.mp4,Drone_Flight_ENGR_3540,Drone_Flight_ENGR_3540/clips/019_takeoff.mp4,takeoff,14,0.8571428571428571,0.7142857142857143,0.8571428571428571,-0.014643148203114313,0.0,-0.04248647764325143,0.013602301436246895,0.008229517488784732,0.03940109411875403,-0.00842776232295566,0.012479114254860915,0.016941306829851652,0.04416643455624582,0.0,0.014732743642843603,2.1684872742210115,5.653303623199463,0.0,1.8857911862839816,5.2499202873025625,13.284280776977539,0.0,4.244535894741661,-0.00111607142857143,0.015625000000000003,-0.01562500000000002,0.009373569029984801,-0.02728174603174604,0.027777777777777783,-0.13194444444444461,0.04594039277851998,0.0206746891355686,0.07584565562088916,0.0,0.02345801255742979,2.6463602093527805,9.7082439194738,0.0,3.002625607351011,0.6487923903124673,0.8410722017288208,0.0,0.3517654258762675,0.6511426397732326,0.8437922596931458,0.0,0.3530393609755287,0.03940109411875403,-0.00842776232295566,0.01278009208747082,0.027777777777777783,-0.13194444444444461,0.027777777777777783,0.013326080599363164,0.07584565562088916
Drone_Flight_ENGR_3540__Drone_Flight_ENGR_3540/clips/020_land.mp4,Drone_Flight_ENGR_3540,Drone_Flight_ENGR_3540/clips/020_land.mp4,land,14,0.9285714285714286,0.8571428571428571,0.9285714285714286,-0.003126641080598347,0.0016825720667839037,-0.010991980321705345,0.003944461494292769,0.0011206727372371553,0.006821104635794959,-0.0034103753666082986,0.002816581507820246,0.005339667699964983,0.011996616609394554,0.0,0.0037078281907778677,0.6834774655955178,1.5355669260025024,0.0,0.474602008419567,3.4282731924738203,9.580233573913574,0.0,2.4107551216621914,0.010881696428571428,0.03125000000000001,-0.011718750000000003,0.015258515407916989,0.016369047619047623,0.15972222222222227,-0.04861111111111109,0.048771647528373874,0.021162066016011498,0.09512340360848379,0.0,0.02686985019740184,2.7087444500494717,12.175795661885921,0.0,3.4393408252674345,0.6954777325902667,0.8485483527183533,0.0,0.29516793576587946,0.7544180580547878,0.8485483527183533,0.0,0.21787564593689207,0.006821104635794959,-0.0034103753666082986,0.0032390415565007264,0.15972222222222227,-0.04861111111111109,0.05092592592592593,0.015377102332555168,0.061748388978337176
Drone_Flight_Video_3__Drone_Flight_Video_3/clips/001_takeoff.mp4,Drone_Flight_Video_3,Drone_Flight_Video_3/clips/001_takeoff.mp4,takeoff,14,0.9285714285714286,0.7857142857142857,0.9285714285714286,-0.0020944022605137334,0.032885804772377056,-0.0296248160302639,0.018214163840235637,0.03888976418087483,0.07671242952346799,-0.006547711375686859,0.026310239948039944,0.03623443310411796,0.050675973296165445,0.0,0.013826572544944571,4.642730116844177,6.48652458190918,0.0,1.7698880507604473,10.858476979391915,30.159278869628906,0.0,7.757460977759535,-0.003055314943141435,0.050781250000000014,-0.04275497512437812,0.02492064879165545,-0.0010167416883834668,0.15892758430071857,-0.17965726920950797,0.11007230511971751,0.05468597988122497,0.10135575878735459,0.0,0.03527598626222259,7.011585990361158,13.038404810405298,0.0,4.527499450764917,0.7075772711208889,0.8690486550331116,0.0,0.3020753636652016,0.6780852909599032,0.8690486550331116,0.0,0.30881082551082484,0.07671242952346799,-0.006547711375686859,0.04591703415899454,0.15892758430071857,-0.17965726920950797,0.10280196241017138,0.023542050012048045,0.09015402289134948
Drone_Flight_Video_3__Drone_Flight_Video_3/clips/002_land.mp4,Drone_Flight_Video_3,Drone_Flight_Video_3/clips/002_land.mp4,land,11,0.9090909090909091,0.5454545454545454,0.9090909090909091,-0.014057754136685979,0.0,-0.03171056881546975,0.010416234342592617,-0.010495288279468233,0.0,-0.020937008990181843,0.00716072289358762,0.016275551874815667,0.033558469265699394,0.0,0.010873029651308149,2.085621487010609,4.2954840660095215,0.0,1.393979759481125,6.562556656924161,11.153970718383789,0.0,2.9639076431410465,0.016222156264133848,0.2487562189054727,-0.2929687500000002,0.1350322055411078,-0.01131024172068948,0.10416666666666674,-0.11746821448313989,0.055292481881623834,0.07801480805216604,0.29877067462457746,0.0,0.11331411136928568,10.000870404111122,38.242646351945886,0.0,14.530342400514575,0.40337046709927643,0.7542924284934998,0.0,0.2747748238522061,0.40337046709927643,0.7542924284934998,0.0,0.27477482385220603,0.0,-0.020937008990181843,0.0,0.10416666666666674,-0.11746821448313989,0.10416666666666674,0.09855797197262497,0.2846864899547963
Garrett_Hortert_FPV_Drone_1__Garrett_Hortert_FPV_Drone_1/clips/001_takeoff.mp4,Garrett_Hortert_FPV_Drone_1,Garrett_Hortert_FPV_Drone_1/clips/001_takeoff.mp4,takeoff,10,1.0,1.0,1.0,0.008664463902823627,0.027135020121932037,-0.007109807804226877,0.01175175915988269,0.004493057883034152,0.057502726713816336,-0.01974994440873464,0.022609697083716303,0.025725832767784597,0.04160285741090776,0.017669793218374256,0.007969213943080903,3.2929065942764284,5.325165748596191,2.2617335319519043,1.020059384714355,9.767526865005493,13.03756046295166,7.399055480957031,1.6645469168782463,0.09140625,0.43359374999999967,-0.4023437500000001,0.21925475000397493,-0.056944444444444464,0.2569444444444442,-0.40277777777777785,0.1932780270687784,0.21772912114682197,0.45704794307121066,0.07909553410670543,0.1328254140777995,27.869327506793212,58.502136713115014,10.124228365658293,17.00165300195834,0.8813809156417847,0.8973574638366699,0.8674620389938354,0.009683669181991003,0.8803043246269227,0.8973574638366699,0.8674620389938354,0.010015490908634666,0.057502726713816336,-0.01974994440873464,0.025172452752788864,0.2569444444444442,-0.40277777777777785,0.14583333333333326,0.12767283755817593,0.37464550904883176
Garrett_Hortert_FPV_Drone_1__Garrett_Hortert_FPV_Drone_1/clips/002_land.mp4,Garrett_Hortert_FPV_Drone_1,Garrett_Hortert_FPV_Drone_1/clips/002_land.mp4,land,14,0.7142857142857143,0.6428571428571429,0.7142857142857143,0.03407723908977849,0.06341903656721117,0.0,0.025617075776771546,-0.00281106685066507,0.005011967486805386,-0.018931486540370523,0.00630547095436777,0.03518012472029243,0.06465482711791994,0.0,0.02613973378504775,4.503055964197431,8.27581787109375,0.0,3.345885924486112,6.344274520874023,12.53948974609375,0.0,4.93615347140093,0.027901785714285716,0.05859375,0.0,0.023580151956199783,-0.009920634920634922,0.04166666666666668,-0.0833333333333333,0.03631131690228821,0.03220042155429615,0.06910861723810205,0.0,0.026990990420464194,4.121653958949908,8.845903006477066,0.0,3.4548467738194177,0.5750106743403843,0.8248669505119324,0.0,0.37754481334341344,0.5183843714850289,0.8248669505119324,0.0,0.4010897178395586,0.005011967486805386,-0.018931486540370523,0.004223702992830012,0.04166666666666668,-0.0833333333333333,0.03703703703703703,0.006899948850198468,0.02277715583923946
Kenneth_Evans_FPV_Drone1__Kenneth_Evans_FPV_Drone1/clips/001_severe-crash.mp4,Kenneth_Evans_FPV_Drone1,Kenneth_Evans_FPV_Drone1/clips/001_severe-crash.mp4,severe-crash,14,1.0,0.8571428571428571,1.0,-0.0007746998235234078,0.009241640567779532,-0.013564956374466438,0.005021850272500321,-0.008383886770360057,0.012311990890238022,-0.056078639295366155,0.018256829409682374,0.016447709723641832,0.04391511529684073,0.003312358399853111,0.01288056335334618,2.105306844626154,5.6211347579956055,0.4239818751811981,1.64871210922831,14.901848486491613,27.278886795043945,7.425759792327881,5.542087656887898,0.01813616071428571,0.15625000000000006,-0.16015625,0.07757630549433293,0.048611111111111105,0.25000000000000006,-0.3541666666666667,0.17147186275042245,0.1053473315094221,0.2556132523278576,0.0,0.06729716741117331,13.484458433206031,32.71849629796577,0.0,8.614037428630185,0.8113485659871783,0.896531343460083,0.0,0.2348476229494817,0.8042083212307521,0.896531343460083,0.0,0.2343011790358858,0.012311990890238022,-0.056078639295366155,0.004722919149531259,0.25000000000000006,-0.3541666666666667,0.1527777777777778,0.05729678655611275,0.18728178481013924
Patrick_Curry_FPV_Drone_11__Patrick_Curry_FPV_Drone_11/clips/001_takeoff.mp4,Patrick_Curry_FPV_Drone_11,Patrick_Curry_FPV_Drone_11/clips/001_takeoff.mp4,takeoff,14,1.0,1.0,1.0,-0.011280245700790626,0.039170732100804656,-0.08477083179685797,0.03734957323729778,0.04101733461303031,0.07629101723432546,-0.021430969238281278,0.02774603110283807,0.06069144667553177,0.08120027929544456,0.022911354899406433,0.01853353314102122,7.776361891201565,10.393635749816895,2.9326534271240234,2.3721768402020422,13.41700289930616,23.1098690032959,3.4231162071228027,6.19814728423692,-0.03468026928847825,0.020833333333333332,-0.11805555555555572,0.04382764625778482,0.015867925995024863,0.0893967661691542,-0.12500000000000003,0.0596091032107575,0.05782235926486238,0.12506102026236035,0.012352647110032722,0.03523332751297045,7.409007932767979,16.00781059358212,1.5811388300841898,4.5127377016493435,0.848633566073009,0.8649424314498901,0.8321477770805359,0.009733746768979487,0.8494468927383423,0.8733156323432922,0.8321477770805359,0.011282624486174299,0.07629101723432546,-0.021430969238281278,0.04582105029390042,0.0893967661691542,-0.12500000000000003,0.041134879579375845,0.026687663178076665,0.09372450849192135
Patrick_Curry_FPV_Drone_11__Patrick_Curry_FPV_Drone_11/clips/002_minor-crash.mp4,Patrick_Curry_FPV_Drone_11,Patrick_Curry_FPV_Drone_11/clips/002_minor-crash.mp4,minor-crash,14,1.0,0.7142857142857143,1.0,0.001837367216034079,0.023718863725662235,-0.049286603927612346,0.0168314440169794,-0.0012312528046639674,0.009718433953821671,-0.01444267574697734,0.005637483527543247,0.02181282737533951,0.04101491346955303,0.0062444861978292465,0.009890598341767295,2.7944086279187883,5.249908924102783,0.7992942333221436,1.265529745731401,10.996217012405396,22.52294158935547,6.505731105804443,4.8794691415262506,-0.02872048487720131,0.1527777777777777,-0.4652777777777778,0.1477987199408508,-0.018094516257995734,0.1367187500000001,-0.18359375000000006,0.11595741463096361,0.11234493735952297,0.2767103241941381,0.0,0.0860189031839817,14.386558434178612,35.41892149684968,0.0,11.01267489996273,0.7209728573049817,0.8839001059532166,0.0,0.3061445782295112,0.7152972561972482,0.8839001059532166,0.0,0.30377509385916146,0.009718433953821671,-0.01444267574697734,0.005072173080407085,0.1367187500000001,-0.18359375000000006,0.103125,0.06320210778964652,0.2767103241941381
Patrick_Curry_FPV_Drone_2__Patrick_Curry_FPV_Drone_2/clips/002_minor-crash.mp4,Patrick_Curry_FPV_Drone_2,Patrick_Curry_FPV_Drone_2/clips/002_minor-crash.mp4,minor-crash,14,1.0,1.0,1.0,-0.0003422911955607323,0.055916455056932185,-0.08370970355139838,0.04184872813958363,-0.0056490004405196645,0.10059400647878643,-0.04823023629425768,0.04180621823994897,0.06336220964000382,0.13157394528388977,0.012663248926401128,0.033748078086101946,8.119033949715751,16.84146499633789,1.6208958625793457,4.322967373459368,28.608912127358572,73.87037658691406,9.244488716125488,19.844416280428472,-0.003948511411198008,0.30555555555555564,-0.5902777777777786,0.23172720307431938,0.026691320184790365,0.5781249999999998,-0.58984375,0.41676598420928024,0.3964916476986246,0.5908905239789558,0.14709508112314637,0.14885658540925475,50.79763908979703,75.63398706930634,18.828170383762732,19.035186205951383,0.8768085539340973,0.9044495820999146,0.8481877446174622,0.016701587633149224,0.8758532617773328,0.9044495820999146,0.8481877446174622,0.01682922026857421,0.10059400647878643,-0.04823023629425768,0.03818568195730669,0.5781249999999998,-0.58984375,0.4035903073916134,0.1437276781202884,0.2982859443062039
Real_Flight_2__Real_Flight_2/clips/002_minor-crash.mp4,Real_Flight_2,Real_Flight_2/clips/002_minor-crash.mp4,minor-crash,14,1.0,1.0,1.0,0.0027422941526952286,0.010433811280462479,-0.015506944722599439,0.0075880191785604005,-0.005624957978924836,0.0013538679126557421,-0.02742009423673153,0.007819081294952842,0.013150567687616313,0.029885219410061836,0.005845192354172473,0.007471027099262507,1.6848307422229223,3.825308084487915,0.7481846213340759,0.9559273460707522,27.87119003704616,106.68830108642578,7.895787715911865,27.84392668383627,-0.022289346916212593,0.2847222222222223,-0.38194444444444453,0.2198171959046549,-0.005867703891257997,0.02720771144278606,-0.03515625,0.015947538542867356,0.10669984339358152,0.215411182483785,0.022777155839239484,0.059065203353460605,13.666330188823427,27.572631357924475,2.9154759474226504,7.553602647238288,0.7863725849560329,0.8704679012298584,0.5906585454940796,0.07142410787666893,0.7803590936320168,0.8704679012298584,0.5906585454940796,0.07215769600655972,0.0013538679126557421,-0.02742009423673153,0.0012767888149200234,0.02720771144278606,-0.03515625,0.0181643864013267,0.03937835228580016,0.14753086066874702
Real_Flight_2__Real_Flight_2/clips/003_land.mp4,Real_Flight_2,Real_Flight_2/clips/003_land.mp4,land,13,1.0,1.0,1.0,-0.006606793731657604,0.04403125577502776,-0.044377865614714455,0.024605542917982396,-0.0028417652922921592,0.020574273541569717,-0.0228967610746622,0.011712958346425611,0.030794400286957353,0.052773471921682316,0.01770130917429924,0.011038285755844875,3.9470267662635217,6.755004405975342,2.2657675743103027,1.4178342408909754,26.28931243603046,48.430084228515625,11.10219669342041,10.80200898034976,-0.048584534591997255,0.06250000000000001,-0.2638888888888887,0.09026720732232492,-0.006595627631075373,0.17578125,-0.33984374999999967,0.17016497939562072,0.15434081821318038,0.37084695741007806,0.04572148402624855,0.08114371405175745,19.774293459904605,47.468410548490034,5.852349955359813,10.384102978834443,0.8704209694495568,0.8947349190711975,0.8347945213317871,0.019575616643821386,0.8716427454581628,0.8947349190711975,0.8347945213317871,0.02039232137741704,0.020574273541569717,-0.0228967610746622,0.010307404416380457,0.17578125,-0.33984374999999967,0.1310190120824449,0.05226163728149677,0.222688386572501
Real_Flight_3__Real_Flight_3/clips/001_minor-crash.mp4,Real_Flight_3,Real_Flight_3/clips/001_minor-crash.mp4,minor-crash,14,0.9285714285714286,0.7857142857142857,0.9285714285714286,-0.022508527209459655,0.00789091404941347,-0.05544969439506538,0.019845337373868052,-0.0206366556391138,0.00047460137284360886,-0.03650817275047299,0.012392447976134468,0.03315396118408046,0.058381810784339946,0.0,0.017170499354095148,4.246676185301372,7.472871780395508,0.0,2.197809968997657,35.87634120668684,111.88317108154297,0.0,28.963559311359386,0.03185955144910369,0.2569444444444442,-0.42841348811498053,0.17558322103983137,0.13480032871357495,0.62890625,-0.5130597014925371,0.4007467751341707,0.3588246114473043,0.6290154214251229,0.0,0.2271740484558483,45.97468622333889,80.51397394241573,0.0,29.109666876139357,0.7466715105942318,0.9130536913871764,0.0,0.31749079775385886,0.7412720365183694,0.906835436820984,0.0,0.31507713795931885,0.00047460137284360886,-0.03650817275047299,0.00047460137284360886,0.62890625,-0.5130597014925371,0.4829618647832267,0.11722883123816542,0.3099406100499207
Real_Flight_3__Real_Flight_3/clips/002_severe-crash.mp4,Real_Flight_3,Real_Flight_3/clips/002_severe-crash.mp4,severe-crash,12,0.9166666666666666,0.5833333333333334,0.9166666666666666,0.008261944152729185,0.035981696372931,-0.007493108510971063,0.01169580604257679,-0.004022019096864191,0.0045929346233606295,-0.015758620575070367,0.005561169341547247,0.01125054672853882,0.027380715036273585,0.0,0.0074132387397743025,1.4418898274501164,3.5222551822662354,0.0,0.952130439516117,9.489339033762613,18.18231773376465,0.0,4.696763254925057,-0.011153722130090327,0.5044223327805416,-0.5763888888888894,0.2738831702940475,0.15764925373134328,0.8476562500000002,0.0,0.2509956793402495,0.19810620636322648,0.8598897606034306,0.0,0.26659860918232176,25.392386256323604,110.0658893572391,0.0,34.16100999480391,0.6327944149573644,0.8943136930465698,0.0,0.3828035766489036,0.6274409592151642,0.8795384764671326,0.0,0.37924645963112713,0.0045929346233606295,-0.015758620575070367,0.0045929346233606295,0.8476562500000002,0.0,0.27025586353944564,0.19163318934718446,0.8598897606034306
Real_Flight_Drone_Video_1__Real_Flight_Drone_Video_1/clips/001_takeoff.mp4,Real_Flight_Drone_Video_1,Real_Flight_Drone_Video_1/clips/001_takeoff.mp4,takeoff,14,1.0,1.0,1.0,-0.007299074504530096,0.004410015335723534,-0.018499867990612966,0.006731249278350867,0.03446359240127021,0.0672007666693794,-0.012564789917733951,0.02616337387151947,0.033683039918515435,0.045106820762157454,0.02356114611029625,0.005594986535970084,4.316220641136169,5.773673057556152,3.01582670211792,0.7175477184071405,9.758360317775182,16.173442840576172,4.10283088684082,4.543089322708859,-0.01477545309168444,0.007812500000000002,-0.0781250000000001,0.020738194270278943,-0.01835564242280663,0.09722222222222231,-0.17361111111111135,0.09569691834940543,0.049760645166524446,0.1190605519853765,0.01401411409928478,0.031796405211265984,6.374114748651052,15.239750654128171,1.8027756377319946,4.068540244688108,0.8462025778634208,0.8753920197486877,0.7927665710449219,0.027375001972077536,0.8348301180771419,0.8743688464164734,0.7161775827407837,0.042954265110541824,0.0672007666693794,-0.012564789917733951,0.03808116027196284,0.09722222222222231,-0.17361111111111135,0.05376330154781648,0.024708495309019463,0.10504643788609172
Real_Flight_Drone_Video_1__Real_Flight_Drone_Video_1/clips/002_land.mp4,Real_Flight_Drone_Video_1,Real_Flight_Drone_Video_1/clips/002_land.mp4,land,14,0.9285714285714286,0.7857142857142857,0.9285714285714286,0.013294908800369222,0.054073132574558216,-0.03529142215847973,0.02066506370393069,-0.014022376133986696,0.07819334665934255,-0.055292646090189614,0.031719660652009055,0.03138371231597031,0.05682549253106112,0.0,0.018908415581438357,4.020086186272757,7.27366304397583,0.0,2.4206422512416106,7.774597457477024,21.485342025756836,0.0,5.967446213755268,0.007527929548685146,0.06250000000000001,-0.01953125,0.021310376240665837,0.014853806365000393,0.11111111111111108,-0.04166666666666663,0.04152163274223757,0.023112400583950747,0.06358914295351449,0.0,0.023676284242172153,2.96088289681698,8.139410298049853,0.0,3.0320647268146104,0.6983174468789782,0.8343508243560791,0.0,0.2962299180117029,0.6682745771748679,0.8343508243560791,0.0,0.30380616797410176,0.07819334665934255,-0.055292646090189614,0.07819334665934255,0.11111111111111108,-0.04166666666666663,0.0710855444997236,0.017394153847029557,0.05577664295351444
Real_Flight_Drone_Video_43__Real_Flight_Drone_Video_43/clips/001_severe-crash.mp4,Real_Flight_Drone_Video_43,Real_Flight_Drone_Video_43/clips/001_severe-crash.mp4,severe-crash,14,1.0,1.0,1.0,-0.00022772390615553636,0.0010149796726182105,-0.002202048199251294,0.0007167902666286875,-0.00010603729753782766,0.0008472655382421282,-0.0016540189584096272,0.0005552525991973292,0.0010602748935430576,0.0036774694453924894,0.00016075983876362457,0.0010104830452685484,0.1358281405908721,0.47071608901023865,0.020577259361743927,0.12938902303310976,3.09878733754158,10.096578598022461,0.5039122700691223,2.755316071138748,0.16495091506751972,3.000000000000001,-2.9999999999999973,1.389780369382311,-0.0034672865829582437,0.22222222222222202,-0.22222222222222227,0.08732154848416705,0.6538788071485835,3.0026030373660793,0.0,1.2258717073247498,83.70307118400011,384.33318878285803,0.0,156.90863148320693,0.7288279788834708,0.8622480630874634,0.6467063426971436,0.08722588355658564,0.7147036663123539,0.8622480630874634,0.6467063426971436,0.0825503234260874,0.0008472655382421282,-0.0016540189584096272,0.0002489704761634575,0.22222222222222202,-0.22222222222222227,0.22222222222222202,0.8118530819148793,3.0026030373660793
Real_Flight_Drone_Video_5__Real_Flight_Drone_Video_5/clips/001_severe-crash.mp4,Real_Flight_Drone_Video_5,Real_Flight_Drone_Video_5/clips/001_severe-crash.mp4,severe-crash,14,0.7142857142857143,0.5,0.7142857142857143,0.0002319576870982566,0.0010961131192743791,-0.0003294875205028805,0.0005009917616149115,0.00012052403499271558,0.009169411328103819,-0.005761378703689362,0.0035924366792474535,0.0021363151054400766,0.005569313652813442,0.0,0.001711389542820779,0.27372729618634495,0.7128721475601196,0.0,0.21922629575907113,3.9957945006234303,7.90305757522583,0.0,2.7997461850094143,0.036234841417910446,0.14453124999999994,-0.023437500000000007,0.06020534916648965,0.024796651662323293,0.284722222222222,-0.06250000000000001,0.08032912694439222,0.054344753359731206,0.16015624999999986,0.0,0.06410400546281907,6.960939015109802,20.5,0.0,8.20944386943809,0.5283640325069427,0.8831982612609863,0.0,0.41132210849084144,0.4652784424168723,0.8757126331329346,0.0,0.4203442305106721,0.009169411328103819,-0.005761378703689362,0.0027429733605739974,0.284722222222222,-0.06250000000000001,0.08193062465450522,0.03883218292705342,0.16015624999999986
Samuel_Dunn_FPV_Drone_2__Samuel_Dunn_FPV_Drone_2/clips/001_severe-crash.mp4,Samuel_Dunn_FPV_Drone_2,Samuel_Dunn_FPV_Drone_2/clips/001_severe-crash.mp4,severe-crash,14,0.8571428571428571,0.5714285714285714,0.8571428571428571,0.023559795781260447,0.06726050376892091,-0.018026219473944796,0.031042762098524645,-0.007881689536069256,0.013064268976449966,-0.02926533482968808,0.013680471478522985,0.024753308988043243,0.044141594320535674,0.0,0.014237503250302657,3.1684235504695346,5.6501240730285645,0.0,1.82240041603874,9.064127581460136,15.832046508789062,0.0,5.410939674931977,-0.019345238095238082,0.08333333333333333,-0.2708333333333331,0.08431484707403808,0.031529017857142856,0.20312500000000006,-0.15625000000000006,0.09330403098022247,0.07190066563647897,0.2034627600485222,0.0,0.0811520993081522,9.203285201469308,26.043233286210835,0.0,10.38746871144348,0.5415101987974984,0.8948797583580017,0.0,0.3773578252650855,0.516334763595036,0.8576091527938843,0.0,0.3634708348288061,0.013064268976449966,-0.02926533482968808,0.006612626712012571,0.20312500000000006,-0.15625000000000006,0.10742187500000001,0.061034672910408025,0.1878658540064227
Shontal_Botros_ThirdPerson_TRAINING_&_VALIDATION_-_Real_Flight_11__Shontal_Botros_ThirdPerson_TRAINING_&_VALIDATION_-_Real_Flight_11/clips/001_takeoff.mp4,Shontal_Botros_ThirdPerson_TRAINING_&_VALIDATION_-_Real_Flight_11,Shontal_Botros_ThirdPerson_TRAINING_&_VALIDATION_-_Real_Flight_11/clips/001_takeoff.mp4,takeoff,14,1.0,1.0,1.0,0.004818612401682796,0.020825675792164256,-0.028409206204944228,0.013112213461967809,0.014521032487770034,0.046406261622905745,-0.005307327024638648,0.017780660907013683,0.03320740355001982,0.07414410066841845,0.00397255877032876,0.02005272396920799,4.256044349500111,9.537897109985352,0.5084875226020813,2.573080084181868,17.345279272113526,41.21342849731445,0.836081326007843,14.526718724696133,0.010947247887546406,0.20138888888888917,-0.1036484245439469,0.07456958834206293,-0.027447861140724932,0.27734375000000033,-0.44698383084577104,0.1927101645386003,0.1319244272241648,0.4507701144567474,0.0,0.14493436125283152,16.91068225586598,57.98706752371601,0.0,18.598290986365786,0.8924445722784314,0.9186049699783324,0.81789630651474,0.023936109478541676,0.8919229677745274,0.9186049699783324,0.81789630651474,0.02380584985468198,0.046406261622905745,-0.005307327024638648,0.021854401496528602,0.27734375000000033,-0.44698383084577104,0.10043254708599862,0.10914037569641806,0.2995867107627193
Shontal_Botros_ThirdPerson_TRAINING_&_VALIDATION_-_Real_Flight_11__Shontal_Botros_ThirdPerson_TRAINING_&_VALIDATION_-_Real_Flight_11/clips/002_land.mp4,Shontal_Botros_ThirdPerson_TRAINING_&_VALIDATION_-_Real_Flight_11,Shontal_Botros_ThirdPerson_TRAINING_&_VALIDATION_-_Real_Flight_11/clips/002_land.mp4,land,14,1.0,1.0,1.0,-0.01661380160575529,-0.0069599308901363045,-0.03609809941715665,0.008379308630041566,-0.009414720084576443,0.0010724853491410613,-0.021166469901800135,0.008252023217626714,0.016791461413896987,0.029238557443022735,0.006648198701441288,0.00760871084776877,2.1517045072146823,3.742535352706909,0.8509694337844849,0.9753002735835684,9.945518732070923,20.59445571899414,4.345005512237549,4.133135169259168,-0.019345238095238113,0.05527915975677171,-0.18750000000000025,0.07848923070768261,0.12542060900852878,0.18268034825870652,0.0742187500000001,0.034837556669218034,0.1337484598342958,0.185307796036384,0.07432147496265809,0.031081644900312257,17.137868918942896,23.837994882120434,9.513148795220223,3.9841830051402987,0.8814756997994014,0.8953015208244324,0.8463455438613892,0.011943646739247301,0.8824232135500226,0.8953015208244324,0.8463455438613892,0.011905122340072693,0.0010724853491410613,-0.021166469901800135,0.0010724853491410613,0.18268034825870652,0.0742187500000001,0.12542060900852878,0.02091915514989502,0.05254493721129204
clips_2__clips/001_minor-crash.mp4,clips_2,clips/001_minor-crash.mp4,minor-crash,14,1.0,1.0,1.0,0.0003890681088835537,0.0031905786599963947,-0.0019987504929304106,0.0012493074238474865,2.8867772521658226e-05,0.005583433641327752,-0.004680883967214161,0.0024419032917939796,0.003924708381029113,0.005188400391489262,0.0028793069068342456,0.0007402136587977356,0.5023626727717263,0.6641152501106262,0.3685512840747833,0.09474734832611019,7.796391487121582,9.470876693725586,6.284643650054932,1.1384238481850304,-0.06891741071428571,0.046875,-0.12890625000000017,0.05491468827055283,-0.12748015873015875,0.4583333333333334,-0.5277777777777773,0.3466513163700572,0.20410224402268215,0.31916715962211684,0.05078125,0.08262910109596423,26.125087234903322,40.85339643163099,6.5,10.576524940283422,0.7979983644826072,0.8499190807342529,0.7048516869544983,0.05134187168015117,0.8024392766611916,0.8637782335281372,0.7048516869544983,0.054282535395915786,0.005583433641327752,-0.004680883967214161,0.0024775603579150307,0.4583333333333334,-0.5277777777777773,0.23495370370370372,0.0502308442839418,0.14936573875500697
clips_2__clips/002_severe-crash.mp4,clips_2,clips/002_severe-crash.mp4,severe-crash,14,1.0,0.8571428571428571,1.0,-3.800459184536317e-05,0.001393078709952532,-0.0025811712257564103,0.001067443706476116,-0.0011486028601038509,0.0018493810461627112,-0.01655791203180951,0.004492013756077628,0.002860429987777026,0.011392209678888337,0.0010393437696620818,0.0025265855691929337,0.36613503843545914,1.458202838897705,0.13303600251674652,0.32340295285669496,5.813101155417306,16.214780807495117,3.071321964263916,3.366085462439813,-0.043247767857142856,0.05859375,-0.19921875000000006,0.07093514849572273,0.20684523809523808,0.8055555555555557,-0.13888888888888892,0.2941512329620137,0.1525887050400628,0.45339431651709095,0.0,0.1546851753376226,19.531354245128046,58.034472514187634,0.0,19.7997024432157,0.7724743357726506,0.8527718782424927,0.0,0.22272791856740723,0.7712292798927852,0.8527718782424927,0.0,0.22237752802195157,0.0018493810461627112,-0.01655791203180951,0.0006044867396768596,0.8055555555555557,-0.13888888888888892,0.34182098765432095,0.08836663481776479,0.29769919107387954
clips_2__clips/003_minor-crash.mp4,clips_2,clips/003_minor-crash.mp4,minor-crash,14,1.0,1.0,1.0,-7.54236784164933e-06,0.0015641530044376844,-0.0020785243250429635,0.0011659986391650543,-0.0002540919305165371,0.004599674294392266,-0.005642845812771051,0.002437379006559616,0.0037010636879131202,0.0063703367486596055,0.0022254269570112233,0.001264961905292225,0.47373615205287933,0.8154031038284302,0.2848546504974365,0.16191512387740487,8.226071051188878,17.059776306152344,5.2761664390563965,3.4516806478340056,-0.0248325892857143,0.32421875,-0.2265625000000003,0.14945884033069515,0.015376984126984091,0.21527777777777782,-0.38888888888888945,0.16653704386525742,0.14632121205015575,0.34217055466033675,0.03847210078826602,0.09381466729379967,18.729115142419932,43.7978309965231,4.924428900898052,12.008277413606352,0.7706781796046666,0.8289206027984619,0.7084305286407471,0.04292326446449046,0.7738580107688904,0.8700408935546875,0.7084305286407471,0.048575630193839044,0.004599674294392266,-0.005642845812771051,0.001508723548983061,0.21527777777777782,-0.38888888888888945,0.1232638888888889,0.05366554049415362,0.13279409710943993
clips_2__clips/004_land.mp4,clips_2,clips/004_land.mp4,land,14,1.0,1.0,1.0,0.00021401242767231997,0.008363508619368078,-0.0023268787190318086,0.002458263644871089,0.0005231228943947434,0.004699348989460199,-0.0034609002371629085,0.0018556359064724273,0.002467507980847066,0.009172759018838407,0.0003038758586626497,0.002404687700151039,0.31584102154842447,1.174113154411316,0.0388961099088192,0.3078000256193329,4.272841147014073,12.208205223083496,0.6279410123825073,3.6205934295881406,-0.014229910714285712,0.023437500000000007,-0.05468749999999998,0.02291111327827761,0.18501984126984125,0.833333333333333,-0.14583333333333337,0.3018374102486534,0.12248676270737383,0.47192932220434225,0.0,0.1583567445859482,15.67830562654385,60.40695324215582,0.0,20.26966330700137,0.8118146870817456,0.8467662930488586,0.7678182721138,0.024817775265321317,0.8087801166943142,0.8423264026641846,0.7678182721138,0.02272441407394749,0.004699348989460199,-0.0034609002371629085,0.0017577628642024973,0.833333333333333,-0.14583333333333337,0.3472222222222222,0.07347928585746455,0.4469171181518702
clips_2__clips/005_minor-crash.mp4,clips_2,clips/005_minor-crash.mp4,minor-crash,14,1.0,1.0,1.0,-0.0004022403310435563,0.0014167864574119436,-0.003534385235980158,0.001430361400472339,3.935193314054419e-05,0.004013812376393218,-0.006015723778141877,0.0023549439887521617,0.003781655562176769,0.007604616694152355,0.0016756675904616718,0.0015371553078488247,0.48405191195862635,0.9733909368515015,0.21448545157909393,0.19675587940464948,7.751641511917114,12.791996955871582,3.3878726959228516,2.848838088973205,0.1015625,0.4453125000000001,-0.07031250000000001,0.19040098557121596,-0.02331349206349206,0.18750000000000003,-0.3333333333333334,0.14672365444134236,0.18307730250367157,0.44532963234587547,0.03925732664500344,0.13513742253013447,23.433894720469965,57.002192940272046,5.024937810560445,17.297590083857212,0.7856671597276416,0.8323177695274353,0.7151898741722107,0.03871226817761781,0.7838676486696515,0.8323177695274353,0.7151898741722107,0.03864630192103623,0.004013812376393218,-0.006015723778141877,0.0012208096522056033,0.18750000000000003,-0.3333333333333334,0.12083333333333338,0.06324021855499373,0.15487829230803143
clips_2__clips/006_severe-crash.mp4,clips_2,clips/006_severe-crash.mp4,severe-crash,14,1.0,1.0,1.0,0.00014433360671059107,0.002234754152595996,-0.0032030006404966125,0.0016817123204087984,0.0006484158410106798,0.005143398212061984,-0.003550060093402863,0.002427825561282024,0.0031259510142263025,0.004789292812347408,0.0008338132756762217,0.0014449276166985873,0.4001217298209667,0.6130294799804688,0.10672809928655624,0.1849507349374192,5.550967727388654,10.699359893798828,0.6565185785293579,3.204587813731327,-0.022042410714285716,0.07031250000000001,-0.08593750000000003,0.04536342729478137,0.058035714285714295,0.27777777777777785,-0.10416666666666667,0.10313258601328988,0.06331342744971116,0.17832362828927079,0.0039062499999999965,0.0526993356823786,8.104118713563027,22.825424421026653,0.5,6.7455149673444605,0.8054154430116925,0.8563613295555115,0.6932242512702942,0.04770526042597934,0.8113365258489337,0.8563613295555115,0.6932242512702942,0.04683823859572356,0.005143398212061984,-0.003550060093402863,0.0019070000357546463,0.27777777777777785,-0.10416666666666667,0.10956790123456792,0.03143264539242071,0.06139384377877583
clips_2__clips/007_severe-crash.mp4,clips_2,clips/007_severe-crash.mp4,severe-crash,14,1.0,1.0,1.0,0.0002604944215168613,0.0041076745837926865,-0.0028801050502806876,0.0018459836228021023,0.0011447863056789158,0.011168944338957472,-0.0007647635518676716,0.0029975043424995272,0.0038028237010751453,0.008985351771116258,0.0005556375836022193,0.0026355570135231307,0.4867614337376186,1.1501250267028809,0.07112161070108414,0.33735129773096073,6.709413238934109,17.760692596435547,0.710335910320282,4.724867195457688,0.016183035714285716,0.09765625,-0.058593750000000014,0.05108905288504509,0.10714285714285718,0.6944444444444446,0.0,0.20544136434837285,0.08458600890496741,0.39499508625306035,0.0,0.11159243933748651,10.827009139835827,50.55937104039171,0.0,14.283832235198272,0.8256813841206687,0.8862735033035278,0.7935968041419983,0.027613049282395098,0.8203176643167224,0.8686001300811768,0.7935968041419983,0.0215697747819517,0.011168944338957472,-0.0007647635518676716,0.0019442525515864595,0.6944444444444446,0.0,0.16666666666666669,0.053504715676945085,0.32371271285112807
clips_2__clips/008_land.mp4,clips_2,clips/008_land.mp4,land,14,1.0,1.0,1.0,0.0011700581163885157,0.008094937540590763,-0.0026790313422679892,0.003244871281287773,0.0002394398177293913,0.004993466453419792,-0.0013466710224747658,0.0015567351047421428,0.002812219016569933,0.008945480920374393,0.0003751154290512201,0.003065566798331033,0.3599640341209514,1.1450215578079224,0.04801477491855621,0.39239255018637215,3.539972350001335,10.712007522583008,0.3085804879665375,4.046294138484107,0.022600446428571428,0.0859375,-0.003906250000000005,0.032652517910064786,0.022321428571428572,0.13888888888888892,-0.013888888888888888,0.047349201718774915,0.030626851948926757,0.09536371574791956,0.0,0.03853882029116805,3.920237049462625,12.206555615733702,0.0,4.93296899726951,0.8319236891610282,0.8486329913139343,0.8139315247535706,0.010929100272887574,0.8321982749870845,0.8486329913139343,0.8139315247535706,0.01103003334106233,0.004993466453419792,-0.0013466710224747658,0.0011606685510496535,0.13888888888888892,-0.013888888888888888,0.056712962962962965,0.01532386130016786,0.08983944401989966
clips_2__clips/009_severe-crash.mp4,clips_2,clips/009_severe-crash.mp4,severe-crash,14,1.0,1.0,1.0,0.0003494042438043315,0.002489526057615876,-0.0006169160478748376,0.0008970072039129686,-0.0005518304237667177,0.0013196367977394,-0.005294456664058898,0.001785486740888098,0.00220684586383868,0.005479293875396252,0.0003459768195170906,0.0014719451260396996,0.28247627057135105,0.7013496160507202,0.04428503289818764,0.18840897613308155,3.8164794743061066,7.242826461791992,0.5192367434501648,2.3366557520817217,-0.03264508928571428,0.11328125,-0.25781250000000006,0.1042948733833735,-0.049603174603174593,0.1805555555555556,-0.2847222222222223,0.12425159212980526,0.09633067326921095,0.27709606017137817,0.0,0.08806194010645611,12.330326178459002,35.4682957019364,0.0,11.271928333626382,0.7930908841746194,0.8323379158973694,0.7045848369598389,0.03185513068962678,0.790669356073652,0.8293639421463013,0.7045848369598389,0.02986880896825198,0.0013196367977394,-0.005294456664058898,0.00038884014550906925,0.1805555555555556,-0.2847222222222223,0.13194444444444448,0.038249669434946974,0.12320765701831402
clips_2__clips/010_severe-crash.mp4,clips_2,clips/010_severe-crash.mp4,severe-crash,14,0.9285714285714286,0.6428571428571429,0.9285714285714286,-0.0009910653939836514,0.009119098074734213,-0.0074596405029296806,0.004303147165276351,-0.015890666864819762,0.005818368246157964,-0.11131689283582889,0.04029209071903284,0.014486626256257292,0.06843834370374674,0.0,0.022872721034714792,1.8542881608009338,8.76010799407959,0.0,2.9277082924434943,20.990521703447616,85.74254608154297,0.0,25.68801724577412,-0.07059151785714284,0.0039062499999999965,-0.40234374999999983,0.12932409955613244,0.057539682539682536,0.5902777777777776,-0.2152777777777778,0.1948528329516745,0.09393326254594357,0.5216562509360209,0.0,0.16040685337212657,12.023457605880777,66.7720001198107,0.0,20.532077231632208,0.6176095008850098,0.8394536375999451,0.0,0.3373108256217561,0.6190709684576307,0.8394536375999451,0.0,0.3381376903923087,0.005818368246157964,-0.11131689283582889,0.0019701234660007894,0.5902777777777776,-0.2152777777777778,0.3703703703703704,0.10622718711903288,0.5216562509360209
clips_2__clips/012_minor-crash.mp4,clips_2,clips/012_minor-crash.mp4,minor-crash,14,1.0,0.8571428571428571,1.0,-0.00013900593538502442,0.0049012340605259,-0.0034694960340857514,0.0017802353308162002,-0.0061841120468526444,0.01423867377969954,-0.06319320201873774,0.01911905017398672,0.010191162565856105,0.04484753310680385,0.0029285168275237083,0.0112869476464545,1.3044688084295817,5.740484237670898,0.37485015392303467,1.444729298746177,27.52202664102827,218.7202606201172,5.086981296539307,55.61162574282339,-0.10044642857142858,0.00781250000000001,-0.19531250000000006,0.08019242504339583,0.09375,0.5069444444444445,-0.32638888888888895,0.27533312616832367,0.16702059276257247,0.3456313926284945,0.0,0.1193137435213539,21.378635873609277,44.24081825644729,0.0,15.2721591707333,0.7541101276874542,0.8501036167144775,0.0,0.2196146453801582,0.7501787926469531,0.8501036167144775,0.0,0.21852602955720307,0.01423867377969954,-0.06319320201873774,0.0057876593097009625,0.5069444444444445,-0.32638888888888895,0.3174603174603175,0.06001429520066016,0.21666597060334467
clips_2__clips/013_severe-crash.mp4,clips_2,clips/013_severe-crash.mp4,severe-crash,14,1.0,1.0,1.0,-0.0002450901602709825,0.0014086090959608542,-0.0030474672093987465,0.0010733781559504323,0.00018048903138916358,0.0035631193055046927,-0.002938238489958975,0.0013935991612433634,0.002419334532792813,0.006553248502314091,0.0002562108275014905,0.0018561507876421947,0.30967482019748005,0.8388158082962036,0.03279498592019081,0.23758730081820092,5.213051932198661,10.363134384155273,0.4092126488685608,3.6050547391306873,0.012276785714285726,0.16015624999999994,-0.16015624999999986,0.1043876790556876,0.06894841269841272,0.4097222222222223,-0.24305555555555555,0.157758371962195,0.11311961883633717,0.2551053416758703,0.0,0.08229963125160059,14.479311211051156,32.65348373451139,0.0,10.534352800204873,0.7753560670784542,0.8363192081451416,0.6319530606269836,0.05424776524851767,0.7741148599556514,0.8363192081451416,0.6319530606269836,0.053318026787228925,0.0035631193055046927,-0.002938238489958975,0.0009817897031704585,0.4097222222222223,-0.24305555555555555,0.15625000000000003,0.033572548622972424,0.08041253093369918
clips_2__clips/014_severe-crash.mp4,clips_2,clips/014_severe-crash.mp4,severe-crash,14,0.8571428571428571,0.6428571428571429,0.8571428571428571,-0.00013712371401197745,0.0013985077384859328,-0.0015196359017863874,0.0007503289746240941,8.742267700365626e-05,0.0026838884999354686,-0.006705116894510055,0.002197903184200565,0.0023533168257147603,0.009155260398983952,0.0,0.002533187333961103,0.30122455369148937,1.1718733310699463,0.0,0.3242479787470212,4.105917191931179,14.982536315917969,0.0,4.510191503886986,0.024274553571428572,0.10937500000000003,0.0,0.04123122055509945,0.027281746031746042,0.44444444444444453,-0.08333333333333326,0.12415025410999876,0.038228655620857026,0.27287889369645285,0.0,0.0767542917313758,4.893267919469699,34.92849839314596,0.0,9.8245493416161,0.5730622283049992,0.8423526287078857,0.0,0.3824458142508836,0.6322027572563717,0.8423526287078857,0.0,0.34962092794559,0.0026838884999354686,-0.006705116894510055,0.0012314262229853148,0.44444444444444453,-0.08333333333333326,0.1712962962962963,0.04277687649878585,0.2065876329602141
clips_2__clips/015_takeoff.mp4,clips_2,clips/015_takeoff.mp4,takeoff,14,1.0,1.0,1.0,0.0013181718547587353,0.005542941391468043,-0.0013906384119763975,0.0019441034355940955,-0.00040128620879379036,0.0019913760738240376,-0.0021816852192084,0.001016304326580971,0.0029709074962218965,0.0060839136131107755,0.0006739906966686251,0.001469192391796929,0.38027615951640265,0.7787409424781799,0.08627080917358398,0.18805662615000696,4.915228656360081,8.106005668640137,1.0072853565216064,2.6484973896251858,0.0011160714285714157,0.07031249999999993,-0.10937500000000015,0.05546385261231207,-0.10416666666666667,0.013888888888888892,-0.37500000000000006,0.14021799944878938,0.08192611529644543,0.21892431670628215,0.00390625,0.0759447548976681,10.486542757945013,28.02231253840411,0.5,9.720928626901516,0.8053263255528041,0.8456270694732666,0.7347539067268372,0.036586656439309806,0.8055158683231899,0.8456270694732666,0.7347539067268372,0.036690639974554934,0.0019913760738240376,-0.0021816852192084,0.0008186654088570296,0.013888888888888892,-0.37500000000000006,0.013888888888888892,0.023769385217732586,0.10012036103639502
clips_2__clips/016_severe-crash.mp4,clips_2,clips/016_severe-crash.mp4,severe-crash,14,1.0,1.0,1.0,-3.4176802208609494e-06,0.002005141926929355,-0.002716354094445703,0.0012216225566719647,0.0009040540822673115,0.0064415761993991015,-0.0026541553023788672,0.002209138979279484,0.003153595150381859,0.005187144037336106,0.001010753680020572,0.0012053892253760146,0.4036601792488779,0.6639544367790222,0.12937647104263306,0.15428982084812998,6.759856053761074,10.363321304321289,2.151071071624756,2.1317055887031997,0.030691964285714277,0.1953125,-0.10937500000000015,0.09797253041192687,-0.020833333333333405,0.9861111111111102,-0.6041666666666666,0.42808430576173434,0.19680551729846948,0.5547425148773975,0.008734640537108564,0.16441574762329364,25.191106214204094,71.00704190430693,1.118033988749895,21.045215695781593,0.8127996793815068,0.8574299216270447,0.725831151008606,0.03271118693210432,0.8121137831892286,0.8574299216270447,0.725831151008606,0.032655314953841164,0.0064415761993991015,-0.0026541553023788672,0.0016396828959437293,0.9861111111111102,-0.6041666666666666,0.2191358024691357,0.10430100337403549,0.451614555639553
clips_3__clips/001_minor-crash.mp4,clips_3,clips/001_minor-crash.mp4,minor-crash,14,0.7857142857142857,0.5714285714285714,0.7857142857142857,-0.003367072263949001,0.0053494200110435555,-0.01062543131411077,0.003986020875982906,-0.002030625761381457,0.005908739161530934,-0.0227030201090707,0.007881819639433336,0.006478410751003491,0.01700449362397196,0.0,0.005282614562474469,0.8298741451331547,2.176575183868408,0.0,0.676284655130649,4.062692216464451,11.490994453430176,0.0,2.9540100547715964,0.027340973702914002,0.11718750000000008,-0.01943407960199004,0.04321939584470088,0.06633005606886205,0.5416666666666669,-0.11111111111111119,0.19958711231914675,0.0798740686559843,0.3049127772951021,0.0,0.09952656836151591,10.236571056377082,39.02883549377306,0.0,12.758033915653069,0.48475793429783415,0.8694180846214294,0.0,0.38302837477204055,0.5185693715299878,0.8694180846214294,0.0,0.3569501404200217,0.005908739161530934,-0.0227030201090707,0.002496385259961533,0.5416666666666669,-0.11111111111111119,0.4159526441864751,0.0467509642936161,0.3049127772951021
clips_3__clips/002_minor-crash.mp4,clips_3,clips/002_minor-crash.mp4,minor-crash,14,0.5,0.2857142857142857,0.5,-0.0017386618277961357,0.0009502698085270834,-0.0112951723858714,0.0033067350047965814,-0.0005485210374077966,0.011711229880650828,-0.014311159650484724,0.00715064841732017,0.009274255464153992,0.026238799095153788,0.0,0.010218905389958725,1.1878185868263245,3.3585662841796875,0.0,1.3084996611774071,6.1024352482387,16.852279663085938,0.0,6.5488250531982715,-0.03650414223525233,0.0,-0.20703125000000006,0.07332700592050696,0.0058684750848929535,0.34027777777777785,-0.3611111111111116,0.1564786829165698,0.06156052416514022,0.2635778188724588,0.0,0.10241981134031816,7.888290671872961,33.737960815674676,0.0,13.121028875770927,0.2761067748069763,0.8457646369934082,0.0,0.3921624456618838,0.3372738744531359,0.8563393950462341,0.0,0.4120626478345354,0.011711229880650828,-0.014311159650484724,0.008868291579366762,0.34027777777777785,-0.3611111111111116,0.2876071033720287,0.038304734226906334,0.2635778188724588
clips_3__clips/003_severe-crash.mp4,clips_3,clips/003_severe-crash.mp4,severe-crash,14,0.8571428571428571,0.7142857142857143,0.8571428571428571,4.4169563386561575e-05,0.006374674849212178,-0.004668605620439967,0.004005659032887281,-0.0005910031441288769,0.011711229880650847,-0.014239959851228582,0.007465567896867043,0.01418228452699557,0.02325296401977541,0.0,0.006757778043039682,1.817521231515067,2.97637939453125,0.0,0.8658304503093167,12.41114970615932,26.521564483642578,0.0,7.082693784611394,-0.04398487473347546,0.058593750000000076,-0.20600124378109458,0.08124385609376399,0.0004121258785438025,0.3819444444444449,-0.36111111111111094,0.24826892714516618,0.13079439421819358,0.26357781887245835,0.0,0.09881032128077909,16.76169054558657,33.737960815674676,0.0,12.667008088112238,0.636842165674482,0.8738424777984619,0.0,0.3556262062878978,0.6395874278885978,0.8799126744270325,0.0,0.3574709787185031,0.011711229880650847,-0.014239959851228582,0.005559383433326594,0.3819444444444449,-0.36111111111111094,0.33113944168048653,0.05891798782032061,0.26357781887245835
clips_3__clips/004_takeoff.mp4,clips_3,clips/004_takeoff.mp4,takeoff,14,1.0,1.0,1.0,-0.0014213083369564565,0.000995925976894795,-0.0034601364750415134,0.00129595222455848,0.00758987415507218,0.028003219101164052,-0.0070265283187230364,0.008265560007822678,0.007376208372530611,0.016307596117258058,0.0032768743112683322,0.004200963600052189,0.9453038360391345,2.087372303009033,0.4194399118423462,0.5385892368401326,5.952391982078552,10.270264625549316,2.982696771621704,2.3226988901826826,-0.01617193052594172,0.007773631840796022,-0.039062499999999965,0.012792759853539408,-0.014389856274184641,0.09722222222222224,-0.229166666666667,0.09679216012402235,0.04782767643704306,0.13264005348710678,0.014084184669781211,0.031886304023030436,6.1290644615995875,16.977926846349646,1.8027756377319946,4.084058723658623,0.8522639615195138,0.8778883814811707,0.8256787657737732,0.012879101758572924,0.8523537048271724,0.8778883814811707,0.8256787657737732,0.012810077030473477,0.028003219101164052,-0.0070265283187230364,0.009610948827349695,0.09722222222222224,-0.229166666666667,0.05460112631288004,0.019090040118013966,0.05757316948590979
clips_3__clips/005_minor-crash.mp4,clips_3,clips/005_minor-crash.mp4,minor-crash,14,1.0,1.0,1.0,0.005126719947406419,0.01949915662407875,-0.0017439833609387292,0.00636068376839912,0.006935943578879817,0.0901656945546468,-0.022445686989360374,0.0337749246405722,0.014805704383454243,0.05217917636036873,0.0038861513603478635,0.0153098435815401,1.8968256733247213,6.678934574127197,0.497427374124527,1.9596012448870952,8.70432094165257,17.555397033691406,4.162797927856445,3.330043634400659,-0.009767013148542999,0.05441542288557212,-0.06640625000000006,0.04162689868874517,0.06893607360025268,0.5486111111111115,-0.6736111111111113,0.34507975390612045,0.15968788160919892,0.37940929879962754,0.026203921611325637,0.11692180066050539,20.46300538594783,48.56439024635232,3.3541019662496847,14.97489115934604,0.862022055046899,0.9107621908187866,0.7861049771308899,0.029348658394623937,0.864013923066003,0.9107621908187866,0.7861049771308899,0.031046496589351297,0.0901656945546468,-0.022445686989360374,0.06318382032233442,0.5486111111111115,-0.6736111111111113,0.39084093421779986,0.062437058382755116,0.19268025418730927
clips_4__clips/001_severe-crash.mp4,clips_4,clips/001_severe-crash.mp4,severe-crash,11,0.36363636363636365,0.2727272727272727,0.36363636363636365,-0.002860082555094701,0.00025331234792247404,-0.02750878408551216,0.00827815512281302,-0.0029391562449622988,0.012827320231331714,-0.025851435131496854,0.010675178527841027,0.009883753922087663,0.04692545160651207,0.0,0.01571766312191262,1.2666177641261707,6.006457805633545,0.0,2.013527219389306,7.060245513916016,27.967226028442383,0.0,10.63956574646643,-0.007058104364540934,0.0546875,-0.09717039800995027,0.036222624988115334,-0.11848271269913062,0.0,-0.4652777777777778,0.2037223313667233,0.06911247086252208,0.2706854065062213,0.0,0.11887122046625105,8.862145239508642,34.8209706929603,0.0,15.244953916927388,0.29856517098166724,0.8522539734840393,0.0,0.41469841748648134,0.22150344198400324,0.8522539734840393,0.0,0.3797419264562116,0.012827320231331714,-0.025851435131496854,0.006776061128349246,0.0,-0.4652777777777778,0.0,0.028717134010134256,0.2706854065062213
clips_5__clips/001_minor-crash.mp4,clips_5,clips/001_minor-crash.mp4,minor-crash,14,1.0,1.0,1.0,-0.003979324200442962,0.006356690801791293,-0.02686012722551826,0.008283992236401765,0.013368056968101918,0.09769301282034994,-0.018960388170348272,0.02945444706993223,0.017366314222625783,0.06573402881622323,0.006339557468891139,0.015793589891671532,2.2252975276538303,8.413955688476562,0.8114633560180664,2.0228686828020734,13.864665848868233,22.388626098632812,7.5598297119140625,3.8205443917515742,0.10051305970149271,1.8515625000000024,-0.12437810945273628,0.5073798344364465,-0.14146529258469565,0.7916666666666661,-1.0763888888888904,0.450683206017576,0.31083160921727304,1.9480441726595479,0.049718445552179184,0.48513102368178934,39.81781272803739,249.34965410042182,6.363961030678928,62.092415648444295,0.8710138925484249,0.9138625860214232,0.7245304584503174,0.045055244803393915,0.8416985337223325,0.9138625860214232,0.4879296720027923,0.1110664249099951,0.09769301282034994,-0.018960388170348272,0.023436703215440207,0.7916666666666661,-1.0763888888888904,0.4953703703703703,0.2176775513799115,1.6830271649833852
clips_5__clips/002_land.mp4,clips_5,clips/002_land.mp4,land,14,1.0,0.9285714285714286,1.0,0.0006302708324990898,0.03964284062385559,-0.022138636651916888,0.012958926164148817,-0.005131625408655109,0.02384745246834227,-0.059309813711378306,0.018879833353573364,0.01779051598604284,0.06723149120807648,0.0015270092990249382,0.020414281972982708,2.28011160663196,8.605630874633789,0.19545719027519226,2.617469176926581,13.969879414354052,41.36109924316406,1.3957773447036743,10.934150164090461,-0.016922918887704343,0.13281250000000003,-0.349813432835821,0.1476784425980847,0.1371120587538498,1.2152777777777772,-0.33333333333333304,0.48817609843958826,0.20644893444958692,0.7033848250646281,0.0,0.24089038586105024,26.466151396273695,90.48342389631374,0.0,30.903820555161733,0.8194121505532946,0.9156007766723632,0.0,0.23732836729019988,0.883338200194495,0.9156007766723632,0.8209903240203857,0.026721005774049945,0.02384745246834227,-0.059309813711378306,0.007850551047181858,1.2152777777777772,-0.33333333333333304,0.7851022664455499,0.11605339203654741,0.5586646844325269
clips_5__clips/004_minor-crash.mp4,clips_5,clips/004_minor-crash.mp4,minor-crash,14,1.0,1.0,1.0,-0.0010865962250467965,0.007771672356632809,-0.013016539625823487,0.005258949437976566,0.002574742306299637,0.012168492707941268,-0.009238388803270131,0.007452883240723878,0.00858899745818786,0.014793162234127508,0.00368570163846016,0.00281530424781923,1.100537440606526,1.8935247659683228,0.4717698097229004,0.36044756679355805,9.270859854561943,13.586050033569336,4.470078468322754,2.8348769276595904,0.01086642679459844,0.14843750000000003,-0.08593750000000007,0.06630151289068335,-0.03221738529574348,0.3333333333333336,-0.36805555555555564,0.19905200942824508,0.10445752272985805,0.2547462068075058,0.028168369339562422,0.07525009291796911,13.376843510497734,32.60751447136074,3.605551275463989,9.627048464289663,0.8515136327062335,0.8842955231666565,0.800473690032959,0.024289961799993157,0.8530108758381435,0.8842955231666565,0.800473690032959,0.02258244551171913,0.012168492707941268,-0.009238388803270131,0.008133325801730864,0.3333333333333336,-0.36805555555555564,0.13771996498986555,0.07736941274435898,0.19147342774928247
clips_5__clips/005_minor-crash.mp4,clips_5,clips/005_minor-crash.mp4,minor-crash,14,0.9285714285714286,0.8571428571428571,0.9285714285714286,0.0038245636220799986,0.014824510102544847,-0.00046787888277322065,0.004238554128870111,-0.0016193275352330845,0.005604662001132965,-0.009619999386580234,0.004598130250920421,0.007068971341840561,0.015044747967625133,0.0,0.00389749836878752,0.9063014664820263,1.9353563785552979,0.0,0.5007410940742224,7.863639576094491,10.789304733276367,0.0,2.978128480924872,-0.043215840440653866,0.0,-0.1289062499999999,0.04414098926519689,-0.02245962647082047,0.2916666666666667,-0.2986111111111108,0.18536595287932475,0.09774092019356682,0.19503887082531138,0.0,0.06866814770067622,12.521699031551663,24.964975465639856,0.0,8.794223397231292,0.7719222434929439,0.8542997241020203,0.0,0.22277107159253015,0.7150494413716453,0.8542997241020203,0.0,0.3032060409085924,0.005604662001132965,-0.009619999386580234,0.0031432892299360694,0.2916666666666667,-0.2986111111111108,0.1718352681039248,0.053636614690788176,0.1836353011491117
clips_5__clips/006_takeoff.mp4,clips_5,clips/006_takeoff.mp4,takeoff,14,1.0,1.0,1.0,-0.006849191644626601,0.0003774764481931928,-0.030740910205081913,0.00938168491619706,0.016181363718663012,0.08257492383321137,-0.010105908744864984,0.026182930395149854,0.018814760961185683,0.05323400915558657,0.00040518728201277554,0.02088163568715148,2.4111843494964496,6.848022937774658,0.05186397209763527,2.6769240168135853,10.570983120373317,42.86298751831055,0.6042263507843018,11.119971575379479,0.003074749022743416,0.04296874999999996,-0.10156250000000014,0.03555423725106966,-0.1605489417989418,0.04166666666666668,-0.5208333333333328,0.2112624293573024,0.10436913785435585,0.29307289815472937,0.0,0.11157182336713596,13.372687970103195,37.51333096380539,0.0,14.294019810233719,0.8384032249450684,0.8635798096656799,0.8134306073188782,0.017186842391496104,0.8404350663934436,0.8635798096656799,0.8134306073188782,0.015721273182169933,0.08257492383321137,-0.010105908744864984,0.02164321366396412,0.04166666666666668,-0.5208333333333328,0.02601575456053068,0.031128241199962308,0.09513150490528821
clips_5__clips/007_minor-crash.mp4,clips_5,clips/007_minor-crash.mp4,minor-crash,14,0.9285714285714286,0.8571428571428571,0.9285714285714286,0.009205570518392962,0.019813856109976786,-0.00810961425304413,0.009277795562695255,-0.005001626446501006,0.008715665294295056,-0.018343395657009532,0.00747861222145296,0.016681072747635344,0.03217716344553438,0.0,0.00794637983243096,2.1379215036119734,4.139270305633545,0.0,1.0202329446994476,10.349685089928764,22.779136657714844,0.0,5.3360549687045165,-0.03276585820895521,1.1621579601990053,-1.546875,0.5422456187301051,0.16381386717207608,2.909722222222221,-1.1180555555555556,0.8797942529126301,0.40985045495722805,1.6698339249500418,0.0,0.6069119319471845,52.516656708164476,213.73874239360538,0.0,77.75702330621145,0.7114212512969971,0.8735389709472656,0.0,0.23688997396014483,0.6569946961743491,0.8735389709472656,0.0,0.3027581568441765,0.008715665294295056,-0.018343395657009532,0.004878000534043987,2.909722222222221,-1.1180555555555556,1.0451388888888886,0.3797676638838052,1.6451286307299764
clips_6__clips/001_severe-crash.mp4,clips_6,clips/001_severe-crash.mp4,severe-crash,14,1.0,0.8571428571428571,1.0,0.00368671323426016,0.035906795412302066,-0.012342987582087506,0.013731384836359316,-0.0028713278840598625,0.11728959613376194,-0.06499640809165101,0.04116060988370707,0.03606397687909594,0.12298782914876938,0.012063995856254254,0.027117025034177376,4.620947812284742,15.74244213104248,1.5519124269485474,3.4703410572090347,17.792177064078196,48.4517936706543,10.280436515808105,9.648997888724935,0.09858908582089551,1.4420087064676617,-0.20703125000000006,0.44810369250654963,-0.22324143173023764,0.9097222222222224,-4.131944444444445,1.20305503391676,0.4525785909110764,2.4422311106550834,0.0,0.6823566290642281,58.00347431836624,312.60558216385067,0.0,87.4414562558994,0.7407488418476922,0.91379052400589,0.0,0.2461605039742228,0.7686003914901188,0.91379052400589,0.0,0.23283253642867396,0.11728959613376194,-0.06499640809165101,0.02936404001373425,0.9097222222222224,-4.131944444444445,0.4107702229592778,0.2944909213988202,0.9988820232696725
clips_7__clips/001_takeoff.mp4,clips_7,clips/001_takeoff.mp4,takeoff,14,0.7142857142857143,0.6428571428571429,0.7142857142857143,-2.662008441773679e-05,0.0012105752248316992,-0.002328207483515144,0.0007883097259249005,9.007363564876483e-05,0.0027091548674636422,-0.0015980573371052727,0.0009465274535585201,0.0019819942013328787,0.00796064604722445,0.0,0.0024979005320662716,0.2540922186204365,1.0240575075149536,0.0,0.3206529059922794,3.279583147593907,11.51673698425293,0.0,3.891084285236728,0.002232142857142857,0.015625000000000003,-0.00390625,0.0050151620216122616,-0.052497927031509115,0.0,-0.36805555555555564,0.11079522271841054,0.030198979204323517,0.2071786032215019,0.0,0.06222188114709011,3.87133287759904,26.51886121235224,0.0,7.974376968725858,0.582453327519553,0.8672128319740295,0.0,0.3834300590940473,0.5243371725082397,0.8672128319740295,0.0,0.4066531411561318,0.0027091548674636422,-0.0015980573371052727,0.0007990236564836946,0.0,-0.36805555555555564,0.0,0.02987596117450027,0.2071786032215019
clips_7__clips/002_severe-crash.mp4,clips_7,clips/002_severe-crash.mp4,severe-crash,14,1.0,0.7857142857142857,1.0,9.152155373755129e-05,0.0013380212476477031,-0.00045246940421227774,0.00039193642627692414,-8.326263541708907e-05,0.0006943507116924272,-0.0009336995167864686,0.0004776520830386283,0.0007359710273496472,0.001482810359448195,4.480480762610943e-05,0.00048271721296070904,0.09429708133185548,0.1897997260093689,0.005763690453022718,0.061838518455590255,3.0950902146952495,5.0357184410095215,0.5750921368598938,1.5534705465700922,-0.03182608164534471,0.054687500000000014,-0.19921874999999983,0.08339344650613578,0.05047678275290214,0.33167495854063006,0.0,0.10212501454253387,0.06840268443003619,0.20108652619115217,0.0,0.08470294251572776,8.764379653071042,25.739075352467502,0.0,10.856047907310542,0.6656638383865356,0.8506258726119995,0.0,0.287429647877201,0.719514514718737,0.8506258726119995,0.0,0.21449149937785775,0.0006943507116924272,-0.0009336995167864686,0.0003946227689503784,0.33167495854063006,0.0,0.11777915975677171,0.056585419017840595,0.1915656224256131
clips_7__clips/003_takeoff.mp4,clips_7,clips/003_takeoff.mp4,takeoff,14,0.9285714285714286,0.7142857142857143,0.9285714285714286,5.8590257410446473e-05,0.0005140538560226561,-0.00016122670785989634,0.0001621512959870555,3.067044288654894e-05,0.0005299380412577526,-0.0004591685719788075,0.00024618541924091656,0.0006958405673709693,0.002077587647363546,0.0,0.0006658239123951883,0.08920499712361821,0.26593121886253357,0.0,0.0854183311222449,2.1922445680413927,5.647064208984375,0.0,1.9041059637192448,0.0557577625266524,0.5703124999999994,0.0,0.15271980053757767,0.02579611861328276,0.7222222222222215,-0.31944444444444414,0.21762412285736718,0.07513968688589848,0.7002109754611456,0.0,0.18921670919535857,9.623746152389758,89.62700485902673,0.0,24.22152434369875,0.6369189832891736,0.8301613926887512,0.0,0.27905150649797555,0.5828467564923423,0.8301613926887512,0.0,0.3237540661342919,0.0005299380412577526,-0.0004591685719788075,0.00021778834332093313,0.7222222222222215,-0.31944444444444414,0.364583333333333,0.10359328935557355,0.5718871724510464
clips_8__clips/001_severe-crash.mp4,clips_8,clips/001_severe-crash.mp4,severe-crash,14,1.0,0.9285714285714286,1.0,0.011770464695672661,0.04665668143166442,-0.009101773301760355,0.01901144858426397,-0.009935891057997855,0.010045407339930534,-0.03532848134636883,0.014581867503008241,0.03270962086851049,0.05975463613867764,0.022503145039081573,0.011045412625262641,4.191099950245449,7.648593425750732,2.8804025650024414,1.414399220326883,12.442008699689593,20.746505737304688,6.890775203704834,4.41053934805686,0.01134950248756224,1.457987838584853,-1.3888888888888877,0.6877861222860971,0.05469027629708596,0.5117187499999996,-0.07812500000000003,0.18747559329830032,0.3111018769998388,0.8212318691782551,0.0,0.28958360208792455,39.874649585057355,105.64326765109077,0.0,37.13040687026076,0.7535842699663979,0.868330717086792,0.0,0.23093216121181867,0.8134008986609322,0.868330717086792,0.5672761797904968,0.07958282451210141,0.010045407339930534,-0.03532848134636883,0.004566049300289403,0.5117187499999996,-0.07812500000000003,0.3084528529228855,0.25200650685329895,0.7659891518980559
clips__clips/001_severe-crash.mp4,clips,clips/001_severe-crash.mp4,severe-crash,14,0.42857142857142855,0.35714285714285715,0.42857142857142855,-3.553260259130702e-05,0.0006636473117396238,-0.0010363287292420864,0.00035833246272742636,2.527444164678901e-05,0.0006513217360609107,-0.0007501482032239434,0.0003255869816922347,0.0006813627385002162,0.0023637718986719847,0.0,0.0008635758970053981,0.08721443052802767,0.30256280303001404,0.0,0.11053771481669095,1.3960687858717782,4.6745171546936035,0.0,1.8490944394533826,-0.008091517857142858,0.0,-0.039062500000000014,0.013658070444395858,0.07043650793650794,0.37499999999999983,0.0,0.13637840988369093,0.041095243832506324,0.21126277004671806,0.0,0.07754821452833188,5.2601912105608095,27.04163456597992,0.0,9.926171459626481,0.3469675821917398,0.8382421731948853,0.0,0.416052425298618,0.28911714042936054,0.8382421731948853,0.0,0.4028280784856913,0.0006513217360609107,-0.0007501482032239434,0.00046724247470222147,0.37499999999999983,0.0,0.1972222222222222,0.029556492825451967,0.20684691085740203
clips__clips/002_takeoff.mp4,clips,clips/002_takeoff.mp4,takeoff,14,0.5,0.42857142857142855,0.5,1.623557883639089e-05,0.001302608754485846,-0.0005977191030979159,0.0004090462368667628,-0.00011927922004981651,0.0050972695979807124,-0.004591160764296851,0.0019536882723724083,0.00122772044726714,0.005926349200308325,0.0,0.002102330904717097,0.15714821725019387,0.7585726976394653,0.0,0.2690983558037882,5.286210366657802,27.475255966186523,0.0,8.73503920810747,-0.004185267857142858,0.007812500000000002,-0.06250000000000001,0.016955401696142187,-0.10615079365079368,0.0,-1.416666666666667,0.37764605950860874,0.06021889732869536,0.7993222226517915,0.0,0.21299147150491687,7.708018858073006,102.3132444994293,0.0,27.262908352629353,0.4467912720782416,0.9649274945259094,0.0,0.4798254842869633,0.3780915971313204,0.9649274945259094,0.0,0.4691514880316706,0.0050972695979807124,-0.004591160764296851,0.0050972695979807124,0.0,-1.416666666666667,0.0,0.11418888895025593,0.7993222226517915
clips__clips/003_land.mp4,clips,clips/003_land.mp4,land,14,0.8571428571428571,0.7857142857142857,0.8571428571428571,-0.0001291150225759858,0.0009317196672782304,-0.002086273161694408,0.0006700412523868384,0.001306826952742764,0.019236930542522013,-0.0026113039089573744,0.005309545382031316,0.0023053165943045834,0.013567971996963028,0.0,0.0036327237927294247,0.29508052407098667,1.736700415611267,0.0,0.46498864546936625,11.956347018480301,46.84376907348633,0.0,12.727801400567197,0.005859374999999992,0.21484374999999992,-0.24609375000000006,0.09649854643279258,0.22767857142857142,1.7361111111111114,-0.013888888888888876,0.5339841071375486,0.14270732967613317,0.9840416722351308,0.0,0.3087072283395684,18.266538198545046,125.95733404609673,0.0,39.51452522746475,0.727765428168433,0.949813425540924,0.0,0.39550642556540594,0.7955444753170013,0.949813425540924,0.0,0.3383755607408414,0.019236930542522013,-0.0026113039089573744,0.0023060786148966553,1.7361111111111114,-0.013888888888888876,0.5347222222222223,0.1414144353193044,0.6860892687113045
clips__clips/004_takeoff.mp4,clips,clips/004_takeoff.mp4,takeoff,14,0.6428571428571429,0.5714285714285714,0.6428571428571429,-0.00014366036910879693,0.00020837460760958493,-0.0017245938070118432,0.00047882805543989697,-0.0002749298397421149,7.139057722977466e-05,-0.0009812517091631892,0.00039091092327664,0.0016584602978712477,0.00880410894751549,0.0,0.0026306887930225664,0.21228291812751973,1.1269259452819824,0.0,0.3367281655068885,8.817107898848397,44.959896087646484,0.0,12.841111734895817,-0.010044642857142835,0.14062500000000003,-0.2851562499999997,0.08757072237575013,-0.1929563492063491,0.0,-1.7847222222222205,0.5163961888187033,0.11302893426174662,1.043619588596881,0.0,0.30179491515171336,14.467703585503573,133.5833073404009,0.0,38.62974913941934,0.5656263147081647,0.924788534641266,0.0,0.4436502701329266,0.5004573123795646,0.924788534641266,0.0,0.4556465415108618,7.139057722977466e-05,-0.0009812517091631892,3.702116575570674e-05,0.0,-1.7847222222222205,0.0,0.14936753051384016,1.043619588596881
clips__clips/005_minor-crash.mp4,clips,clips/005_minor-crash.mp4,minor-crash,14,0.6428571428571429,0.35714285714285715,0.6428571428571429,-0.00018546387374434353,0.0003392439684830606,-0.0011852317256852989,0.0004443112757816301,0.00010023199239647497,0.002897846202055617,-0.0014849210985832732,0.0009365219398061273,0.0016633370625121254,0.0036640523467212963,0.0,0.0015006238168926939,0.21290714400155203,0.4689987003803253,0.0,0.19207984856226473,4.610813140869141,9.619119644165039,0.0,3.7876478611534914,0.004185267857142854,0.078125,-0.035156249999999965,0.030660924926535053,0.021329365079365042,0.5069444444444444,-0.2708333333333337,0.2254286614808325,0.07030320638601158,0.2956646792213478,0.0,0.10895135491562002,8.998810417409478,37.84507894033252,0.0,13.945773429199358,0.37087237409182955,0.8610938191413879,0.0,0.3975989508354636,0.3655798818383898,0.8341907262802124,0.0,0.3910101445540117,0.002897846202055617,-0.0014849210985832732,0.0012347530949699409,0.5069444444444444,-0.2708333333333337,0.5,0.03487134527321252,0.2842987964520119
clips__clips/006_land.mp4,clips,clips/006_land.mp4,land,14,0.7857142857142857,0.5714285714285714,0.7857142857142857,9.241600128007064e-05,0.007060617674142115,-0.005973562598228456,0.0025776197193271514,0.007279946025976508,0.07698915402094517,-0.0023768333097298946,0.0209204012059385,0.00759176001052505,0.04943685606122013,0.0,0.013825246510371068,0.9717452813472066,6.327917575836182,0.0,1.7696315533274978,20.471987077168055,52.066593170166016,0.0,17.445231784650822,0.0027901785714285966,0.20312500000000006,-0.2968749999999997,0.103909509729501,0.25446428571428575,1.9305555555555558,-0.013888888888888876,0.5645348544622617,0.1656806102536324,1.1047714784204246,0.0,0.3227173151487303,21.207118112464947,141.41074923781431,0.0,41.30781633903747,0.6129180405821119,0.9752264022827148,0.0,0.47448793393864974,0.6825225140367236,0.9752264022827148,0.0,0.44841802262801483,0.07698915402094517,-0.0023768333097298946,0.01769595722133224,1.9305555555555558,-0.013888888888888876,0.596064814814815,0.15894056834577494,0.7661647138459036
