session_name,folder_path,sid,status,video_id,view_type,source,person_name,events_count,updated_at
Eli_Neville_FirstPerson_NOT-USED,LabelGUI/ValidationResults/Eli_Neville_FirstPerson_NOT-USED,938b752f-6b4a-4c51-88fe-85d93ea6676a,failed,url-87637f7619,Unknown,Unknown,Eli_Neville|FirstPerson|NOT-USED,0,2026-09-18T13:13:04.047279
15_minutes_of_drone_footage_Ashleigh_Moffett,LabelGUI/ValidationResults/15_minutes_of_drone_footage_Ashleigh_Moffett,71376556-7f03-4b7d-8310-0568590c3ab2,failed,8LWYSP0pZ7U,Unknown,Real,15 minutes of drone footage Ashleigh Moffett,0,2026-09-18T13:13:38.718459
Eli_Neville_FirstPerson_NOT-USED1,LabelGUI/ValidationResults/Eli_Neville_FirstPerson_NOT-USED1,c787022e-306e-474d-82fc-b17bae567f0d,failed,url-87637f7619,Unknown,Unknown,Eli_Neville|FirstPerson|NOT-USED,0,2026-09-18T13:39:59.944336
15_minutes_of_drone_footage_Ashleigh_Moffett1,LabelGUI/ValidationResults/15_minutes_of_drone_footage_Ashleigh_Moffett1,bb6f4873-93b1-44b7-9d1b-d9dac5616136,failed,8LWYSP0pZ7U,Unknown,Real,15 minutes of drone footage Ashleigh Moffett,0,2026-09-18T13:41:21.064913
Benyamin_Hussein_ThirdPerson_TRAINING-_Drone_Flight,LabelGUI/ValidationResults/Benyamin_Hussein_ThirdPerson_TRAINING-_Drone_Flight,cb7352c1-0c5e-49ee-ac8f-12b96b1bf548,cancelled,L0Vct-a60zc,Third-person,Real,Benyamin_Hussein|ThirdPerson|TRAINING- Drone Flight,1,2026-09-18T13:48:32.356215
Eli_Neville_FirstPerson_NOT-USED2,LabelGUI/ValidationResults/Eli_Neville_FirstPerson_NOT-USED2,4213b2eb-6cdb-49d3-874e-7958f13e8b68,final,url-87637f7619,Unknown,Unknown,Eli_Neville|FirstPerson|NOT-USED,0,2026-09-18T13:48:33.466736
15_minutes_of_drone_footage_Ashleigh_Moffett2,LabelGUI/ValidationResults/15_minutes_of_drone_footage_Ashleigh_Moffett2,9ff82659-3867-4beb-ad48-d91e587a4098,failed,8LWYSP0pZ7U,Unknown,Real,15 minutes of drone footage Ashleigh Moffett,0,2026-09-18T13:48:44.190870
15_minutes_of_drone_footage_Ashleigh_Moffett3,LabelGUI/ValidationResults/15_minutes_of_drone_footage_Ashleigh_Moffett3,e219e847-5e45-49ea-b05a-bc5323b4908f,failed,8LWYSP0pZ7U,Unknown,Real,15 minutes of drone footage Ashleigh Moffett,0,2026-09-18T14:16:16.551417
Douglas_Arnold_ThirdPerson_TRAINING-Controls_Drone_Flight,LabelGUI/ValidationResults/Douglas_Arnold_ThirdPerson_TRAINING-Controls_Drone_Flight,7325860a-3e01-436a-90ab-253bb0451463,running,pw3617u2gS8,Third-person,Real,Douglas_Arnold|ThirdPerson|TRAINING-Controls Drone Flight,0,2026-09-18T14:52:06.654702
Eli_Neville_FirstPerson_NOT-USED3,LabelGUI/ValidationResults/Eli_Neville_FirstPerson_NOT-USED3,ab5d1790-01d7-4a70-91c8-76c5d24da184,failed,url-87637f7619,Unknown,Unknown,Eli_Neville|FirstPerson|NOT-USED,0,2026-09-24T00:04:15.695477
Benyamin_Hussein_ThirdPerson_TRAINING-_Drone_Flight1,LabelGUI/ValidationResults/Benyamin_Hussein_ThirdPerson_TRAINING-_Drone_Flight1,e6f3df16-9e92-4227-9e80-719ccf3742d8,running,L0Vct-a60zc,Third-person,Real,Benyamin_Hussein|ThirdPerson|TRAINING- Drone Flight,0,2026-09-24T00:04:28.359064
Abigail_Lee,LabelGUI/ValidationResults/Abigail_Lee,8aff6686-af49-41e7-894d-e46f379baa1d,failed,euev0hXkV_0,Unknown,Real,Abigail Lee,0,2026-09-29T17:23:12.835469
Abigail_Lee1,LabelGUI/ValidationResults/Abigail_Lee1,89fae67e-781b-4b98-84f2-13219737cb60,cancelled,-uss9TY2MDo,FPV,Real,Abigail Lee,1,2026-09-29T17:24:58.566290
Abigail_Lee2,LabelGUI/ValidationResults/Abigail_Lee2,a2379f16-e1a1-4dc9-a3fb-eff3d738077c,cancelled,-uss9TY2MDo,FPV,Real,Abigail Lee,3,2026-09-29T17:26:48.797792
Abigail_Lee3,LabelGUI/ValidationResults/Abigail_Lee3,25378015-df39-4640-8860-2310c6880f60,final,euev0hXkV_0,Unknown,Real,Abigail Lee,0,2026-09-29T17:27:00.021003
Abigail_Lee4,LabelGUI/ValidationResults/Abigail_Lee4,224dadbf-5559-4edf-846e-6d1fd938659a,failed,euev0hXkV_0,Unknown,Real,Abigail Lee,0,2026-09-29T17:29:38.183005
Abigail_Lee5,LabelGUI/ValidationResults/Abigail_Lee5,70addf08-d79e-4bfc-9a50-6ee530697ada,final,-uss9TY2MDo,FPV,Real,Abigail Lee,3,2026-09-29T17:33:58.466835
Abigail_Lee6,LabelGUI/ValidationResults/Abigail_Lee6,468ba852-111f-4627-b143-6b08f219b09f,final,aU_e3RLB1WE,FPV,Real,Abigail Lee,0,2026-09-29T17:37:00.983849
Alex_Petrone,LabelGUI/ValidationResults/Alex_Petrone,1bf44c3f-025b-416f-8290-d046e95cfd2a,final,IHy2wBPWv6g,Unknown,Real,Alex Petrone,1,2026-09-29T17:38:47.980128
Alex_Petrone1,LabelGUI/ValidationResults/Alex_Petrone1,6bc0d7df-9e9e-4a4a-9354-d370d8e30663,final,q41lXTyx6p8,Unknown,Real,Alex Petrone,0,2026-09-29T17:39:34.186880
Alex_Petrone2,LabelGUI/ValidationResults/Alex_Petrone2,4e91df99-abf1-445c-aa15-06148cbc03de,final,TNiyXlY2hkA,FPV,Real,Alex Petrone,0,2026-09-29T17:40:31.463756
Alex_Petrone3,LabelGUI/ValidationResults/Alex_Petrone3,31cf4c0a-971e-475d-9da5-6e54ff285ae8,final,f9O5f6PSqJw,FPV,Real,Alex Petrone,0,2026-09-29T17:41:43.210495
Anthony_Banas,LabelGUI/ValidationResults/Anthony_Banas,4cb069f2-04a0-4892-8a43-e8915e4edad0,final,P2Mlyl_vaJA,Unknown,Real,Anthony Banas,0,2026-09-29T17:59:22.103449
Anthony_Banas1,LabelGUI/ValidationResults/Anthony_Banas1,aaf9a3b0-5931-48a5-bb34-01ecfe507dc7,final,pXMBy4fN-wQ,FPV,Real,Anthony Banas,3,2026-10-01T14:14:52.854494
Ashleigh_Moffett,LabelGUI/ValidationResults/Ashleigh_Moffett,c15ff42e-ea29-493e-9117-5db272537939,failed,8LWYSP0pZ7U,Unknown,Real,Ashleigh Moffett,0,2026-10-01T14:15:03.438864
Abigail_Lee7,LabelGUI/ValidationResults/Abigail_Lee7,c51b5711-471e-4c37-b4fe-fb727c20aa0e,failed,euev0hXkV_0,Unknown,Real,Abigail Lee,0,2026-10-01T14:15:14.729404
Ashton_Mercy,LabelGUI/ValidationResults/Ashton_Mercy,681da083-9f49-43f1-b2cd-c9d81dedce50,failed,ryO6DDHNNs8,Unknown,Real,Ashton Mercy,0,2026-10-01T14:15:25.900357
Ashton_Mercy1,LabelGUI/ValidationResults/Ashton_Mercy1,d9f14274-0a2b-48ef-9a67-d4cdeab4ac69,failed,6CpIBb58If0,Unknown,Real,Ashton Mercy,0,2026-10-01T14:15:37.083379
Ashton_Mercy2,LabelGUI/ValidationResults/Ashton_Mercy2,a9e72384-10f7-4172-a86c-9692d57c507f,failed,gAG7a4AK3CU,Unknown,Real,Ashton Mercy,0,2026-10-01T14:15:47.112870
Ashton_Mercy3,LabelGUI/ValidationResults/Ashton_Mercy3,c52d1e72-3ca1-4b7f-9ba0-95c70db68dcb,failed,6KhIF5s_BKU,Unknown,Real,Ashton Mercy,0,2026-10-01T14:15:59.531122
Ashton_Mercy4,LabelGUI/ValidationResults/Ashton_Mercy4,f058e998-5fa8-4abf-93ae-503c355cd7ce,failed,jUorzfqL4bI,FPV,Real,Ashton Mercy,0,2026-10-01T14:16:09.401053
Beau_Eerebout,LabelGUI/ValidationResults/Beau_Eerebout,62ab07aa-f482-4dbb-be3f-762708df3350,failed,A-Rq6rCBF1k,Unknown,Real,Beau Eerebout,0,2026-10-01T14:16:19.193653
Beau_Eerebout1,LabelGUI/ValidationResults/Beau_Eerebout1,ba06ad11-1d62-411b-8aae-110e21eb0ff5,failed,MOgdDt0TOrs,FPV,Real,Beau Eerebout,0,2026-10-01T14:16:33.202441
Beau_Eerebout2,LabelGUI/ValidationResults/Beau_Eerebout2,4226a81e-edc9-4a64-878b-b6ee91bba744,failed,KPAv6lkdAao,FPV,Real,Beau Eerebout,0,2026-10-01T14:16:44.682382
Benyamin_Hussein,LabelGUI/ValidationResults/Benyamin_Hussein,11bd2547-f1ae-41ac-9b47-0c13e05c74fb,final,L0Vct-a60zc,Third-person,Real,Benyamin Hussein,3,2026-10-01T14:18:13.413297
Cristian_Ramirez,LabelGUI/ValidationResults/Cristian_Ramirez,892d0c76-c8ce-4530-9263-a3a0db25cda5,final,A_oPbGCU7us,Unknown,Real,Cristian Ramirez,0,2026-10-01T14:19:24.722575
Cristian_Ramirez1,LabelGUI/ValidationResults/Cristian_Ramirez1,8a027dcd-32ef-4ccf-b457-8b070c3ce564,final,fLJCiv5loJU,Unknown,Real,Cristian Ramirez,1,2026-10-01T14:19:51.343261
Cristian_Ramirez2,LabelGUI/ValidationResults/Cristian_Ramirez2,a006693c-5035-43f6-929e-1b534919f8df,final,7bDIQi0oIec,Unknown,Real,Cristian Ramirez,0,2026-10-01T14:21:25.260281
Cristian_Ramirez3,LabelGUI/ValidationResults/Cristian_Ramirez3,63e3adbd-4662-439c-933f-42fefcd164ae,final,KacdYa_j2hQ,FPV,Real,Cristian Ramirez,2,2026-10-01T14:23:23.887490
Cristian_Ramirez4,LabelGUI/ValidationResults/Cristian_Ramirez4,85b45c5e-1f8c-4ad9-8e50-1815cc8a3259,final,KacdYa_j2hQ,FPV,Real,Cristian Ramirez,3,2026-10-01T14:23:42.478493
Cristian_Ramirez5,LabelGUI/ValidationResults/Cristian_Ramirez5,032d92e2-b503-4ce0-adad-8683b5cfe093,failed,YDgs-5P9HUU,FPV,Real,Cristian Ramirez,0,2026-10-01T14:23:57.023635
Cristian_Ramirez6,LabelGUI/ValidationResults/Cristian_Ramirez6,c76232ac-daf5-466e-89ee-d223189db932,final,DuYa6KRelSc,FPV,Real,Cristian Ramirez,1,2026-10-01T14:24:46.322192
Cristian_Ramirez7,LabelGUI/ValidationResults/Cristian_Ramirez7,5ad26e5f-f806-46d8-98d7-83c8c63e8e03,final,DuYa6KRelSc,FPV,Real,Cristian Ramirez,2,2026-10-01T14:25:03.109617
Cristian_Ramirez8,LabelGUI/ValidationResults/Cristian_Ramirez8,660b2290-0348-46ab-8375-640f55c09642,final,K6QKYZYz1vo,FPV,Real,Cristian Ramirez,1,2026-10-01T14:25:30.500475
Cristian_Ramirez9,LabelGUI/ValidationResults/Cristian_Ramirez9,543cbb9a-8f62-4e63-95a2-3895a05b0f50,final,ONaVhjNEOJU,FPV,Real,Cristian Ramirez,1,2026-10-05T11:46:49.619974
Cristian_Ramirez10,LabelGUI/ValidationResults/Cristian_Ramirez10,d9093cf7-9733-4c8a-9758-9b8d3fb17b54,final,EGfjZdAfLQs,FPV,Real,Cristian Ramirez,2,2026-10-05T11:51:50.101305
Douglas_Arnold,LabelGUI/ValidationResults/Douglas_Arnold,43566e9f-d169-4670-b5eb-6edc68774367,final,pw3617u2gS8,Third-person,Real,Douglas Arnold,3,2026-10-05T11:55:46.436723
Elizabeth_Boyd,LabelGUI/ValidationResults/Elizabeth_Boyd,ea6825b6-7e70-4cf1-a3c8-05c6cffad5d2,final,A4JPnZQG-SI,Unknown,Real,Elizabeth Boyd,1,2026-10-05T12:01:33.492404
Elizabeth_Boyd1,LabelGUI/ValidationResults/Elizabeth_Boyd1,d3ee0fd4-cb32-468f-9748-c859d4fd67d4,final,A4JPnZQG-SI,Unknown,Real,Elizabeth Boyd,2,2026-10-05T12:01:52.423854
Elizabeth_Boyd2,LabelGUI/ValidationResults/Elizabeth_Boyd2,33361685-6867-4813-a97a-a0153a36b801,final,qdgA2LGwTXA,FPV,Real,Elizabeth Boyd,3,2026-10-05T12:07:06.400006
Erica_Gerardi,LabelGUI/ValidationResults/Erica_Gerardi,fcba2dc5-0556-4202-9dc1-b0d4b33a2da3,final,M83iPt3T8DE,Third-person,Real,Erica Gerardi,3,2026-10-05T12:10:33.695559
Erik_Nilsson,LabelGUI/ValidationResults/Erik_Nilsson,67004f8b-0bf5-4b8a-9fb0-c989e8227799,final,d2ynRvvdM-k,Unknown,Real,Erik Nilsson,1,2026-10-05T12:13:48.513195
Erik_Nilsson1,LabelGUI/ValidationResults/Erik_Nilsson1,7f8f6d2e-30e8-4958-97ee-fb3d3988afa6,final,d2ynRvvdM-k,Unknown,Real,Erik Nilsson,1,2026-10-05T12:15:15.297486
Erik_Nilsson2,LabelGUI/ValidationResults/Erik_Nilsson2,242684a0-bcff-4998-88cf-690e6fac4582,final,d2ynRvvdM-k,Unknown,Real,Erik Nilsson,2,2026-10-05T12:15:34.490974
Erik_Nilsson3,LabelGUI/ValidationResults/Erik_Nilsson3,3493948c-73cf-4be0-a202-eabb09cc0196,final,vDkLaLp7mAI,Unknown,Real,Erik Nilsson,2,2026-10-05T12:18:46.014009
Erik_Nilsson4,LabelGUI/ValidationResults/Erik_Nilsson4,d918b0b4-05e5-4186-91fe-805173af7352,final,wgBijXoCbk4,FPV,Real,Erik Nilsson,1,2026-10-05T12:23:12.114244
Erik_Nilsson5,LabelGUI/ValidationResults/Erik_Nilsson5,b3f92670-a243-4cc7-8677-ebcb9329772b,final,wgBijXoCbk4,FPV,Real,Erik Nilsson,2,2026-10-05T12:23:33.732232
Garrett_Hortert,LabelGUI/ValidationResults/Garrett_Hortert,d6953f35-1c72-4334-82db-b608abc74da6,failed,zYjsCGcSu4s,Unknown,Real,Garrett Hortert,0,2026-10-05T12:24:26.182000
Garrett_Hortert1,LabelGUI/ValidationResults/Garrett_Hortert1,97b97881-1e72-4fb4-a3f1-3a1eba270e95,final,mYha8rJhn3k,FPV,Real,Garrett Hortert,1,2026-10-05T12:26:16.292063
Cristian_Ramirez11,LabelGUI/ValidationResults/Cristian_Ramirez11,b8adbe20-98f9-40a7-93f3-63b691d53675,final,YDgs-5P9HUU,FPV,Real,Cristian Ramirez,3,2026-10-05T12:29:06.707638
Garrett_Hortert2,LabelGUI/ValidationResults/Garrett_Hortert2,cf36b90e-d6dd-41ae-a776-be1693bc080f,final,zYjsCGcSu4s,Unknown,Real,Garrett Hortert,2,2026-10-05T12:33:05.635492
Holly_Craddock,LabelGUI/ValidationResults/Holly_Craddock,744353a6-b21a-4e59-80ed-ca617dbeb5c9,running,DQ5B9-Sn1GM,Third-person,Real,Holly Craddock,0,2026-10-05T12:33:11.278085
Holly_Craddock1,LabelGUI/ValidationResults/Holly_Craddock1,6b49a330-a14d-4cd6-8370-2874e03fb0da,final,DQ5B9-Sn1GM,Third-person,Real,Holly Craddock,2,2026-10-05T12:46:20.537988
Holly_Craddock2,LabelGUI/ValidationResults/Holly_Craddock2,0c0135e4-adf7-4f74-8f93-ce1b1c0c3ffe,final,x6jRiOiXz0Y,Third-person,Real,Holly Craddock,2,2026-10-05T15:59:23.085579
Holly_Craddock3,LabelGUI/ValidationResults/Holly_Craddock3,0825d5b8-b8e0-47f6-8268-9c4c1cec5fef,final,HH_ZcYrfyyE,Third-person,Real,Holly Craddock,1,2026-10-05T16:05:23.733107
Holly_Craddock4,LabelGUI/ValidationResults/Holly_Craddock4,df57f8ae-e34b-4a5b-892c-576f65e26f9c,failed,8zOqiAh20Zs,Third-person,Real,Holly Craddock,0,2026-10-05T16:07:46.285499
Holly_Craddock5,LabelGUI/ValidationResults/Holly_Craddock5,3969246a-2638-4246-864d-7ac7898f3a20,final,NOxiv5xAi3s,Third-person,Real,Holly Craddock,1,2026-10-05T16:11:47.646387
Hunter_Hill,LabelGUI/ValidationResults/Hunter_Hill,df210c0c-c6df-4e3f-b011-9f19342361ac,final,3VDdaMKFgaI,Unknown,Real,Hunter Hill,1,2026-10-05T16:15:20.905582
Hunter_Hill1,LabelGUI/ValidationResults/Hunter_Hill1,7fd2d26c-5556-4411-8944-d9134a7eefb0,final,zG_q0P9IOas,FPV,Real,Hunter Hill,1,2026-10-05T16:16:29.769950
Hunter_Hill2,LabelGUI/ValidationResults/Hunter_Hill2,2fadd4d8-05fc-4b79-9515-f948d7479576,final,vYDyd6UB1wY,FPV,Real,Hunter Hill,1,2026-10-05T16:18:32.662389
Hunter_Hill3,LabelGUI/ValidationResults/Hunter_Hill3,771959e7-fbea-42ed-9446-b7e21e41ecf9,final,yNmWmmiiD0E,FPV,Real,Hunter Hill,1,2026-10-05T16:19:21.117614
Hunter_Hill4,LabelGUI/ValidationResults/Hunter_Hill4,418a8410-2eeb-426d-a960-e9bcdfc41c61,final,lr6QMlWP11o,FPV,Real,Hunter Hill,2,2026-10-05T16:19:48.645606
Jack_Lockett,LabelGUI/ValidationResults/Jack_Lockett,08e6b019-1d89-43ad-86cd-609612a59305,final,kw5qp7MdprA,FPV,Real,Jack Lockett,4,2026-10-05T16:29:10.651717
Joshua_Gensmer,LabelGUI/ValidationResults/Joshua_Gensmer,fc86b0d2-4a7c-4957-8282-1221dc61ab6c,final,03URDlPDEVk,Third-person,Real,Joshua Gensmer,2,2026-10-05T16:32:10.004652
Joshua_Gensmer1,LabelGUI/ValidationResults/Joshua_Gensmer1,20543c59-119f-45e3-bcd4-ad4b24763e5c,final,dpTGbFx3NXM,Third-person,Real,Joshua Gensmer,3,2026-10-05T16:34:25.952366
Joshua_Gensmer2,LabelGUI/ValidationResults/Joshua_Gensmer2,11a8393a-3b8f-4041-9079-90f23306f72a,final,8_jLD50I8_g,Third-person,Real,Joshua Gensmer,1,2026-10-05T16:36:01.610565
Joshua_Gensmer3,LabelGUI/ValidationResults/Joshua_Gensmer3,6d232793-d5d4-4720-a1dc-8f72f2dd0773,final,PuzwdN_zZDI,Third-person,Real,Joshua Gensmer,1,2026-10-05T16:38:34.767246
Joshua_Gensmer4,LabelGUI/ValidationResults/Joshua_Gensmer4,2c696c0c-ec20-4f71-bf1f-d56182ae2e9b,final,uXFr3RIGRzE,Third-person,Real,Joshua Gensmer,1,2026-10-05T16:40:21.644614
Joshua_Gensmer5,LabelGUI/ValidationResults/Joshua_Gensmer5,bcc388b5-3ff9-4072-9602-a44acaf5b6e5,final,LcGi_bQVNGI,Third-person,Real,Joshua Gensmer,1,2026-10-05T17:05:34.806306
Kenneth_Evans,LabelGUI/ValidationResults/Kenneth_Evans,8f7b56b2-6b09-4189-abbe-e5bb1a481d89,final,FzHL6n5JYSI,Unknown,Real,Kenneth Evans,0,2026-10-05T17:10:56.939056
Kenneth_Evans1,LabelGUI/ValidationResults/Kenneth_Evans1,7103bcc8-3452-466c-8e85-79abfd1a0b83,final,UjrQO5K8b8I,FPV,Real,Kenneth Evans,2,2026-10-05T17:11:24.521158
Landon_Arnold,LabelGUI/ValidationResults/Landon_Arnold,67173def-03f4-43a1-bbb0-ea616cede8dc,final,m8Rw7l2Wt8M,Third-person,Real,Landon Arnold,7,2026-10-05T17:46:51.705700
Mark_Wilson,LabelGUI/ValidationResults/Mark_Wilson,6da86d03-a191-4a51-bfa9-7e23c2bbd6ee,final,1inhgfur2Vw,FPV,Real,Mark Wilson,0,2026-10-05T17:48:09.038158
Mark_Wilson1,LabelGUI/ValidationResults/Mark_Wilson1,85b734d0-75d8-44b1-901b-f0f6ab903a27,failed,A4TurTNC5aU,FPV,Real,Mark Wilson,0,2026-10-05T17:48:21.581482
Mark_Wilson2,LabelGUI/ValidationResults/Mark_Wilson2,8c0a23ea-22a7-48aa-a523-a65eb02737f0,final,9z0WTKq49Ls,FPV,Real,Mark Wilson,1,2026-10-05T17:56:14.315967
Mark_Wilson3,LabelGUI/ValidationResults/Mark_Wilson3,ef1d4381-d39a-4f7e-8cf7-905b68e23984,final,tfl-_D7t2Mo,FPV,Real,Mark Wilson,1,2026-10-05T17:58:45.572544
Mark_Wilson4,LabelGUI/ValidationResults/Mark_Wilson4,217cbf98-a771-4420-b5ba-c935d7fe1290,running,2SMgYeEiv64,FPV,Real,Mark Wilson,0,2026-10-05T17:58:54.506609
Mark_Wilson5,LabelGUI/ValidationResults/Mark_Wilson5,b95dd3fd-4990-49a3-954f-fed1f9111da2,final,2SMgYeEiv64,FPV,Real,Mark Wilson,0,2026-10-05T18:13:35.654488
Matthew_OHair,LabelGUI/ValidationResults/Matthew_OHair,f71d78c3-22cc-4d50-a7a6-8e483ae05ba9,cancelled,m7nfp-8cbKA,Third-person,Real,Matthew OHair,0,2026-10-05T18:14:48.541087
Michael_Nixon,LabelGUI/ValidationResults/Michael_Nixon,7b6723d0-9edc-47ce-a1bf-ac718c16777e,cancelled,WETFIMR8FCM,Unknown,Real,Michael Nixon,0,2026-10-05T18:19:46.708780
Nathan_Schott,LabelGUI/ValidationResults/Nathan_Schott,b4cf36f4-13cd-4788-876f-8f2ff82b7b3d,final,4E6Ls8axNVw,Unknown,Real,Nathan Schott,10,2026-10-05T18:29:06.593893
Nicholas_Welch,LabelGUI/ValidationResults/Nicholas_Welch,3d923a24-995d-42d5-9292-5042893d1ac4,final,BV7vi3VJgKI,FPV,Real,Nicholas Welch,2,2026-10-05T18:32:43.565404
Patrick_Curry,LabelGUI/ValidationResults/Patrick_Curry,ab2cb3b4-d174-4ef8-a726-10e10db9b8ae,final,7a2H2kVaqvk,Unknown,Real,Patrick Curry,0,2026-10-05T18:32:59.416633
Patrick_Curry1,LabelGUI/ValidationResults/Patrick_Curry1,dcbd46ba-6e61-4cef-8742-0caada7cd27c,final,ugqfi_jwutA,Unknown,Real,Patrick Curry,0,2026-10-05T18:33:15.620017
Patrick_Curry2,LabelGUI/ValidationResults/Patrick_Curry2,bc812c3a-e1dc-41d9-ab15-4f0e9352b182,final,xDutj1g8k9A,Unknown,Real,Patrick Curry,0,2026-10-05T18:33:28.832006
Patrick_Curry3,LabelGUI/ValidationResults/Patrick_Curry3,7550f0d1-9993-4b29-a998-f7ff3521363e,final,_WV8evyJdEk,Unknown,Real,Patrick Curry,0,2026-10-05T18:33:42.174031
Patrick_Curry4,LabelGUI/ValidationResults/Patrick_Curry4,abf40551-b182-4578-bada-a63425355525,final,nRuBb_EZJDs,Unknown,Real,Patrick Curry,0,2026-10-05T18:34:43.303465
Patrick_Curry5,LabelGUI/ValidationResults/Patrick_Curry5,b50652ca-c0a9-4898-bf39-5c22e5004913,final,5lpDzZxijnM,Unknown,Real,Patrick Curry,0,2026-10-05T18:34:59.523668
Patrick_Curry6,LabelGUI/ValidationResults/Patrick_Curry6,74f8b54d-9ad2-4356-a4c2-fe581a248c5b,final,yzIwlfVclg8,FPV,Real,Patrick Curry,1,2026-10-05T18:36:44.318755
Patrick_Curry7,LabelGUI/ValidationResults/Patrick_Curry7,b12f4b04-056d-4b55-80f6-cd083f0b887b,final,PmutPdePdHA,FPV,Real,Patrick Curry,3,2026-10-05T18:38:09.256058
Samuel_Apigian,LabelGUI/ValidationResults/Samuel_Apigian,ca18b291-1d19-4dc6-8e63-2d3c25905499,final,CgLL7wbYn7o,Unknown,Real,Samuel Apigian,1,2026-10-05T18:42:23.768110
Samuel_Dunn,LabelGUI/ValidationResults/Samuel_Dunn,bd4e7241-56cf-4bda-bb0f-aa477bb41ab8,final,XVhMSTgRVYg,Unknown,Real,Samuel Dunn,2,2026-10-05T18:45:58.788054
Samuel_Dunn1,LabelGUI/ValidationResults/Samuel_Dunn1,45718427-869b-4f75-ac49-0b9d365d3a18,final,iCe-Ml6tBag,FPV,Real,Samuel Dunn,1,2026-10-05T18:46:23.026005
Samuel_Dunn2,LabelGUI/ValidationResults/Samuel_Dunn2,bb9db620-06dc-4e2e-91d1-763d17ea305a,final,TzlKilT_YVw,FPV,Real,Samuel Dunn,2,2026-10-05T18:46:49.164354
Samuel_Dunn3,LabelGUI/ValidationResults/Samuel_Dunn3,31b564cf-ecef-4acd-8f94-27555184d217,final,hmpz5K3-vLE,FPV,Real,Samuel Dunn,2,2026-10-05T18:47:20.680493
Samuel_Dunn4,LabelGUI/ValidationResults/Samuel_Dunn4,06c814fe-99cc-4523-b3ba-fab726d0c01f,final,fXzt4LNMHWA,FPV,Real,Samuel Dunn,2,2026-10-05T18:48:14.571659
Samuel_Dunn5,LabelGUI/ValidationResults/Samuel_Dunn5,eba04600-eda5-4f1d-8293-ca74fff6f0f9,final,fNDSX7uTapQ,FPV,Real,Samuel Dunn,2,2026-10-05T18:48:49.589385
Samuel_Dunn6,LabelGUI/ValidationResults/Samuel_Dunn6,d40a34e5-88bc-483a-a0ef-d63dac6679f4,final,qMAYm2a1PtA,FPV,Real,Samuel Dunn,5,2026-10-05T18:54:57.401124
Samuel_Dunn7,LabelGUI/ValidationResults/Samuel_Dunn7,8c2fc4fe-6c4e-4836-beea-ba24565c3cef,final,Z6QxWCXLZpw,FPV,Real,Samuel Dunn,5,2026-10-05T18:57:49.683104
Shontal_Botros,LabelGUI/ValidationResults/Shontal_Botros,adfb116c-ca1b-4b40-b068-4da0e98dfcfd,final,8Hjv726XPOk,Third-person,Real,Shontal Botros,2,2026-10-05T19:01:37.653014
Shontal_Botros1,LabelGUI/ValidationResults/Shontal_Botros1,92c27ee0-f3fe-42ea-9917-85ebc3c0916c,final,xi8WyGcaz9E,Third-person,Real,Shontal Botros,2,2026-10-05T19:03:09.932804
Shontal_Botros2,LabelGUI/ValidationResults/Shontal_Botros2,b321edbf-69ac-4ccc-957c-3c079c4667b9,final,8vEFkgpMTfc,Third-person,Real,Shontal Botros,1,2026-10-05T19:04:26.418080
Shontal_Botros3,LabelGUI/ValidationResults/Shontal_Botros3,05f82be2-6d21-4ca0-b4df-a890955ef9a4,final,k8xM2VsClXg,Third-person,Real,Shontal Botros,1,2026-10-05T19:22:36.097533
Wang_Hii,LabelGUI/ValidationResults/Wang_Hii,5bea0acc-4dde-4d3c-9cfa-1a0cd77f083d,cancelled,c6WvM3kKXB8,Third-person,Real,Wang Hii,3,2026-10-05T21:54:22.990232
Wang_Hii1,LabelGUI/ValidationResults/Wang_Hii1,ba869408-313d-431b-af57-904812839342,final,AA6ZjccpnXA,Third-person,Real,Wang Hii,4,2026-10-05T21:57:06.904869
Wang_Hii2,LabelGUI/ValidationResults/Wang_Hii2,45e9cfc6-21fc-4e2e-9e9f-fbcdd6e2070c,final,iWYGUG29zss,Third-person,Real,Wang Hii,4,2026-10-05T21:59:17.443695
Wang_Hii3,LabelGUI/ValidationResults/Wang_Hii3,d70dc5cd-c62f-4dec-9ab6-7458718c5b45,final,j_vYbESHCaI,Third-person,Real,Wang Hii,4,2026-10-05T22:01:33.493862
Wang_Hii4,LabelGUI/ValidationResults/Wang_Hii4,ae4480b4-0741-46fb-91e0-b877f2d9b1ce,final,5_hz3yNIVuY,Third-person,Real,Wang Hii,1,2026-10-05T22:02:47.894041
Abigail_Lee8,LabelGUI/ValidationResults/Abigail_Lee8,8b658b2b-c905-4f68-991e-680357712c07,final,neGwr2JPSy0,FPV,Simulation,Abigail Lee,11,2026-10-05T22:07:12.079630
Abigail_Lee9,LabelGUI/ValidationResults/Abigail_Lee9,c8ab871f-ef5f-4714-b62f-37b2122d8829,final,MrN_RbXvbXE,FPV,Simulation,Abigail Lee,11,2026-10-05T22:11:22.869158
Abigail_Lee10,LabelGUI/ValidationResults/Abigail_Lee10,f21abd4a-86d6-4447-9760-b2a3ccd36f3b,final,luOfjla3cv0,FPV,Simulation,Abigail Lee,15,2026-10-05T22:17:57.791494
Anthony_Banas2,LabelGUI/ValidationResults/Anthony_Banas2,54b25a03-9308-44ba-b26e-691c06b4b7e3,final,kBpd7WggxjI,FPV,Simulation,Anthony Banas,0,2026-10-05T22:20:16.820848
Ashleigh_Moffett1,LabelGUI/ValidationResults/Ashleigh_Moffett1,ca48ed03-f2ff-4338-96c5-d0e97ac3635c,running,cqRdplLjcxQ,Unknown,Simulation,Ashleigh Moffett,0,2026-10-05T22:20:17.377712
