video_id,view_type,source,link,local_path,file_name,status,person_name,labeled_by,dataset_name,item_key,item_count,final_sessions,labeled_sid,events_total,n_takeoff,n_land,n_minor_crash,n_severe_crash,n_other,updated_at
-uss9TY2MDo,FPV,Real,https://www.youtube.com/watch?v=-uss9TY2MDo,,,labeled,Abigail Lee,Dimitri,CY,3ad500c2-4ca8-4271-8d67-80eb46eacea4:2,1,1,70addf08-d79e-4bfc-9a50-6ee530697ada,3,1,1,1,0,0,2026-09-29T17:33:53.627428
aU_e3RLB1WE,FPV,Real,https://www.youtube.com/watch?v=aU_e3RLB1WE,,,labeled,Abigail Lee,Dimitri,CY,3ad500c2-4ca8-4271-8d67-80eb46eacea4:3,1,1,468ba852-111f-4627-b143-6b08f219b09f,0,0,0,0,0,0,2026-09-29T17:37:02.206586
IHy2wBPWv6g,Unknown,Real,https://www.youtube.com/watch?v=IHy2wBPWv6g,,,labeled,Alex Petrone,Dimitri,CY,3ad500c2-4ca8-4271-8d67-80eb46eacea4:4,1,1,1bf44c3f-025b-416f-8290-d046e95cfd2a,1,1,0,0,0,0,2026-09-29T17:38:47.526346
q41lXTyx6p8,Unknown,Real,https://www.youtube.com/watch?v=q41lXTyx6p8,,,labeled,Alex Petrone,Dimitri,CY,3ad500c2-4ca8-4271-8d67-80eb46eacea4:5,1,1,6bc0d7df-9e9e-4a4a-9354-d370d8e30663,1,0,0,1,0,0,2026-09-29T17:39:35.574483
TNiyXlY2hkA,FPV,Real,https://www.youtube.com/watch?v=TNiyXlY2hkA,,,labeled,Alex Petrone,Dimitri,CY,3ad500c2-4ca8-4271-8d67-80eb46eacea4:6,1,1,4e91df99-abf1-445c-aa15-06148cbc03de,1,0,0,0,1,0,2026-09-29T17:40:33.035344
f9O5f6PSqJw,FPV,Real,https://www.youtube.com/watch?v=f9O5f6PSqJw,,,labeled,Alex Petrone,Dimitri,CY,3ad500c2-4ca8-4271-8d67-80eb46eacea4:7,1,1,31cf4c0a-971e-475d-9da5-6e54ff285ae8,1,0,0,0,1,0,2026-09-29T17:41:44.073049
P2Mlyl_vaJA,Unknown,Real,https://www.youtube.com/watch?v=P2Mlyl_vaJA,,,labeled,Anthony Banas,Dimitri,CY,3ad500c2-4ca8-4271-8d67-80eb46eacea4:8,1,1,4cb069f2-04a0-4892-8a43-e8915e4edad0,0,0,0,0,0,0,2026-09-29T17:59:22.967690
pXMBy4fN-wQ,FPV,Real,https://www.youtube.com/watch?v=pXMBy4fN-wQ,,,labeled,Anthony Banas,Dimitri,CY,3ad500c2-4ca8-4271-8d67-80eb46eacea4:9,1,1,aaf9a3b0-5931-48a5-bb34-01ecfe507dc7,3,1,1,1,0,0,2026-10-01T14:14:52.997161
L0Vct-a60zc,Third-person,Real,https://www.youtube.com/watch?v=L0Vct-a60zc,,,labeled,Benyamin Hussein,Dimitri,CY,3ad500c2-4ca8-4271-8d67-80eb46eacea4:19,1,1,11bd2547-f1ae-41ac-9b47-0c13e05c74fb,3,1,1,1,0,0,2026-10-01T14:18:13.751480
A_oPbGCU7us,Unknown,Real,https://www.youtube.com/watch?v=A_oPbGCU7us,,,labeled,Cristian Ramirez,Dimitri,CY,3ad500c2-4ca8-4271-8d67-80eb46eacea4:20,1,1,892d0c76-c8ce-4530-9263-a3a0db25cda5,0,0,0,0,0,0,2026-10-01T14:19:32.285882
fLJCiv5loJU,Unknown,Real,https://www.youtube.com/watch?v=fLJCiv5loJU,,,labeled,Cristian Ramirez,Dimitri,CY,3ad500c2-4ca8-4271-8d67-80eb46eacea4:21,1,1,8a027dcd-32ef-4ccf-b457-8b070c3ce564,1,1,0,0,0,0,2026-10-01T14:19:52.624534
7bDIQi0oIec,Unknown,Real,https://www.youtube.com/watch?v=7bDIQi0oIec,,,labeled,Cristian Ramirez,Dimitri,CY,3ad500c2-4ca8-4271-8d67-80eb46eacea4:22,1,1,a006693c-5035-43f6-929e-1b534919f8df,0,0,0,0,0,0,2026-10-01T14:21:29.218000
KacdYa_j2hQ,FPV,Real,https://www.youtube.com/watch?v=KacdYa_j2hQ,,,labeled,Cristian Ramirez,Dimitri,CY,3ad500c2-4ca8-4271-8d67-80eb46eacea4:23,1,2,85b45c5e-1f8c-4ad9-8e50-1815cc8a3259,3,1,1,1,0,0,2026-10-01T14:23:44.002718
YDgs-5P9HUU,FPV,Real,https://www.youtube.com/watch?v=YDgs-5P9HUU,,,labeled,Cristian Ramirez,Dimitri,CY,3ad500c2-4ca8-4271-8d67-80eb46eacea4:24,1,1,b8adbe20-98f9-40a7-93f3-63b691d53675,3,1,1,1,0,0,2026-10-05T12:29:07.162655
DuYa6KRelSc,FPV,Real,https://www.youtube.com/watch?v=DuYa6KRelSc,,,labeled,Cristian Ramirez,Dimitri,CY,3ad500c2-4ca8-4271-8d67-80eb46eacea4:25,1,2,5ad26e5f-f806-46d8-98d7-83c8c63e8e03,2,1,0,1,0,0,2026-10-01T14:25:03.239900
K6QKYZYz1vo,FPV,Real,https://www.youtube.com/watch?v=K6QKYZYz1vo,,,labeled,Cristian Ramirez,Dimitri,CY,3ad500c2-4ca8-4271-8d67-80eb46eacea4:26,1,1,660b2290-0348-46ab-8375-640f55c09642,1,1,0,0,0,0,2026-10-01T14:25:40.034236
ONaVhjNEOJU,FPV,Real,https://www.youtube.com/watch?v=ONaVhjNEOJU,,,labeled,Cristian Ramirez,Dimitri,CY,3ad500c2-4ca8-4271-8d67-80eb46eacea4:27,1,1,543cbb9a-8f62-4e63-95a2-3895a05b0f50,1,1,0,0,0,0,2026-10-05T11:47:10.704470
EGfjZdAfLQs,FPV,Real,https://www.youtube.com/watch?v=EGfjZdAfLQs,,,labeled,Cristian Ramirez,Dimitri,CY,3ad500c2-4ca8-4271-8d67-80eb46eacea4:28,1,1,d9093cf7-9733-4c8a-9758-9b8d3fb17b54,2,1,0,1,0,0,2026-10-05T11:51:53.081221
pw3617u2gS8,Third-person,Real,https://www.youtube.com/watch?v=pw3617u2gS8,,,labeled,Douglas Arnold,Dimitri,CY,3ad500c2-4ca8-4271-8d67-80eb46eacea4:29,1,1,43566e9f-d169-4670-b5eb-6edc68774367,3,1,1,1,0,0,2026-10-05T11:55:46.788145
A4JPnZQG-SI,Unknown,Real,https://www.youtube.com/watch?v=A4JPnZQG-SI,,,labeled,Elizabeth Boyd,Dimitri,CY,3ad500c2-4ca8-4271-8d67-80eb46eacea4:30,1,2,d3ee0fd4-cb32-468f-9748-c859d4fd67d4,2,1,1,0,0,0,2026-10-05T12:01:52.802731
qdgA2LGwTXA,FPV,Real,https://www.youtube.com/watch?v=qdgA2LGwTXA,,,labeled,Elizabeth Boyd,Dimitri,CY,3ad500c2-4ca8-4271-8d67-80eb46eacea4:31,1,1,33361685-6867-4813-a97a-a0153a36b801,3,1,1,1,0,0,2026-10-05T12:07:07.897230
M83iPt3T8DE,Third-person,Real,https://www.youtube.com/watch?v=M83iPt3T8DE,,,labeled,Erica Gerardi,Dimitri,CY,3ad500c2-4ca8-4271-8d67-80eb46eacea4:32,1,1,fcba2dc5-0556-4202-9dc1-b0d4b33a2da3,3,1,1,1,0,0,2026-10-05T12:10:34.032586
d2ynRvvdM-k,Unknown,Real,https://www.youtube.com/watch?v=d2ynRvvdM-k,,,labeled,Erik Nilsson,Dimitri,CY,3ad500c2-4ca8-4271-8d67-80eb46eacea4:33,1,3,242684a0-bcff-4998-88cf-690e6fac4582,2,1,0,1,0,0,2026-10-05T12:15:35.037655
vDkLaLp7mAI,Unknown,Real,https://www.youtube.com/watch?v=vDkLaLp7mAI,,,labeled,Erik Nilsson,Dimitri,CY,3ad500c2-4ca8-4271-8d67-80eb46eacea4:34,1,1,3493948c-73cf-4be0-a202-eabb09cc0196,2,1,1,0,0,0,2026-10-05T12:18:47.550014
wgBijXoCbk4,FPV,Real,https://www.youtube.com/watch?v=wgBijXoCbk4,,,labeled,Erik Nilsson,Dimitri,CY,3ad500c2-4ca8-4271-8d67-80eb46eacea4:35,1,2,b3f92670-a243-4cc7-8677-ebcb9329772b,2,1,1,0,0,0,2026-10-05T12:23:34.886086
zYjsCGcSu4s,Unknown,Real,https://www.youtube.com/watch?v=zYjsCGcSu4s,,,labeled,Garrett Hortert,Dimitri,CY,3ad500c2-4ca8-4271-8d67-80eb46eacea4:36,1,1,cf36b90e-d6dd-41ae-a776-be1693bc080f,2,1,1,0,0,0,2026-10-05T12:33:05.940424
mYha8rJhn3k,FPV,Real,https://www.youtube.com/watch?v=mYha8rJhn3k,,,labeled,Garrett Hortert,Dimitri,CY,3ad500c2-4ca8-4271-8d67-80eb46eacea4:37,1,1,97b97881-1e72-4fb4-a3f1-3a1eba270e95,1,1,0,0,0,0,2026-10-05T12:26:18.681669
DQ5B9-Sn1GM,Third-person,Real,https://www.youtube.com/watch?v=DQ5B9-Sn1GM,,,labeled,Holly Craddock,Dimitri,CY,3ad500c2-4ca8-4271-8d67-80eb46eacea4:38,1,1,6b49a330-a14d-4cd6-8370-2874e03fb0da,2,1,1,0,0,0,2026-10-05T12:46:20.641063
x6jRiOiXz0Y,Third-person,Real,https://www.youtube.com/watch?v=x6jRiOiXz0Y,,,labeled,Holly Craddock,Dimitri,CY,3ad500c2-4ca8-4271-8d67-80eb46eacea4:39,1,1,0c0135e4-adf7-4f74-8f93-ce1b1c0c3ffe,2,1,1,0,0,0,2026-10-05T15:59:23.810001
HH_ZcYrfyyE,Third-person,Real,https://www.youtube.com/watch?v=HH_ZcYrfyyE,,,labeled,Holly Craddock,Dimitri,CY,3ad500c2-4ca8-4271-8d67-80eb46eacea4:40,1,1,0825d5b8-b8e0-47f6-8268-9c4c1cec5fef,1,1,0,0,0,0,2026-10-05T16:05:24.012647
8zOqiAh20Zs,Third-person,Real,https://www.youtube.com/watch?v=8zOqiAh20Zs,,,not_labeled,Holly Craddock,,CY,3ad500c2-4ca8-4271-8d67-80eb46eacea4:41,1,0,,0,0,0,0,0,0,2026-10-05T16:09:38.618859
NOxiv5xAi3s,Third-person,Real,https://www.youtube.com/watch?v=NOxiv5xAi3s,,,labeled,Holly Craddock,Dimitri,CY,3ad500c2-4ca8-4271-8d67-80eb46eacea4:42,1,1,3969246a-2638-4246-864d-7ac7898f3a20,1,1,0,0,0,0,2026-10-05T16:11:48.253798
3VDdaMKFgaI,Unknown,Real,https://www.youtube.com/watch?v=3VDdaMKFgaI,,,labeled,Hunter Hill,Dimitri,CY,3ad500c2-4ca8-4271-8d67-80eb46eacea4:43,1,1,df210c0c-c6df-4e3f-b011-9f19342361ac,1,1,0,0,0,0,2026-10-05T16:15:21.283544
zG_q0P9IOas,FPV,Real,https://www.youtube.com/watch?v=zG_q0P9IOas,,,labeled,Hunter Hill,Dimitri,CY,3ad500c2-4ca8-4271-8d67-80eb46eacea4:44,1,1,7fd2d26c-5556-4411-8944-d9134a7eefb0,1,0,0,0,1,0,2026-10-05T16:16:29.885519
vYDyd6UB1wY,FPV,Real,https://www.youtube.com/watch?v=vYDyd6UB1wY,,,labeled,Hunter Hill,Dimitri,CY,3ad500c2-4ca8-4271-8d67-80eb46eacea4:45,1,1,2fadd4d8-05fc-4b79-9515-f948d7479576,1,0,0,1,0,0,2026-10-05T16:18:33.427245
yNmWmmiiD0E,FPV,Real,https://www.youtube.com/watch?v=yNmWmmiiD0E,,,labeled,Hunter Hill,Dimitri,CY,3ad500c2-4ca8-4271-8d67-80eb46eacea4:46,1,1,771959e7-fbea-42ed-9446-b7e21e41ecf9,1,0,0,0,1,0,2026-10-05T16:19:21.369130
lr6QMlWP11o,FPV,Real,https://www.youtube.com/watch?v=lr6QMlWP11o,,,labeled,Hunter Hill,Dimitri,CY,3ad500c2-4ca8-4271-8d67-80eb46eacea4:47,1,1,418a8410-2eeb-426d-a960-e9bcdfc41c61,2,1,0,0,1,0,2026-10-05T16:19:49.298921
kw5qp7MdprA,FPV,Real,https://www.youtube.com/watch?v=kw5qp7MdprA,,,labeled,Jack Lockett,Dimitri,CY,3ad500c2-4ca8-4271-8d67-80eb46eacea4:48,1,1,08e6b019-1d89-43ad-86cd-609612a59305,4,2,0,2,0,0,2026-10-05T16:29:11.445804
03URDlPDEVk,Third-person,Real,https://www.youtube.com/watch?v=03URDlPDEVk,,,labeled,Joshua Gensmer,Dimitri,CY,3ad500c2-4ca8-4271-8d67-80eb46eacea4:49,1,1,fc86b0d2-4a7c-4957-8282-1221dc61ab6c,2,0,1,1,0,0,2026-10-05T16:32:10.351656
dpTGbFx3NXM,Third-person,Real,https://www.youtube.com/watch?v=dpTGbFx3NXM,,,labeled,Joshua Gensmer,Dimitri,CY,3ad500c2-4ca8-4271-8d67-80eb46eacea4:50,1,1,20543c59-119f-45e3-bcd4-ad4b24763e5c,3,1,0,2,0,0,2026-10-05T16:34:26.194519
8_jLD50I8_g,Third-person,Real,https://www.youtube.com/watch?v=8_jLD50I8_g,,,labeled,Joshua Gensmer,Dimitri,CY,3ad500c2-4ca8-4271-8d67-80eb46eacea4:51,1,1,11a8393a-3b8f-4041-9079-90f23306f72a,1,1,0,0,0,0,2026-10-05T16:36:02.262654
PuzwdN_zZDI,Third-person,Real,https://www.youtube.com/watch?v=PuzwdN_zZDI,,,labeled,Joshua Gensmer,Dimitri,CY,3ad500c2-4ca8-4271-8d67-80eb46eacea4:52,1,1,6d232793-d5d4-4720-a1dc-8f72f2dd0773,1,1,0,0,0,0,2026-10-05T16:38:34.844545
uXFr3RIGRzE,Third-person,Real,https://www.youtube.com/watch?v=uXFr3RIGRzE,,,labeled,Joshua Gensmer,Dimitri,CY,3ad500c2-4ca8-4271-8d67-80eb46eacea4:53,1,1,2c696c0c-ec20-4f71-bf1f-d56182ae2e9b,1,0,0,1,0,0,2026-10-05T16:40:21.832522
LcGi_bQVNGI,Third-person,Real,https://www.youtube.com/watch?v=LcGi_bQVNGI,,,labeled,Joshua Gensmer,Dimitri,CY,3ad500c2-4ca8-4271-8d67-80eb46eacea4:54,1,1,bcc388b5-3ff9-4072-9602-a44acaf5b6e5,1,0,0,1,0,0,2026-10-05T17:05:35.392381
FzHL6n5JYSI,Unknown,Real,https://www.youtube.com/watch?v=FzHL6n5JYSI,,,labeled,Kenneth Evans,Dimitri,CY,3ad500c2-4ca8-4271-8d67-80eb46eacea4:55,1,1,8f7b56b2-6b09-4189-abbe-e5bb1a481d89,0,0,0,0,0,0,2026-10-05T17:10:57.397993
UjrQO5K8b8I,FPV,Real,https://www.youtube.com/watch?v=UjrQO5K8b8I,,,labeled,Kenneth Evans,Dimitri,CY,3ad500c2-4ca8-4271-8d67-80eb46eacea4:56,1,1,7103bcc8-3452-466c-8e85-79abfd1a0b83,2,1,0,0,1,0,2026-10-05T17:11:24.655736
m8Rw7l2Wt8M,Third-person,Real,https://www.youtube.com/watch?v=m8Rw7l2Wt8M,,,labeled,Landon Arnold,Dimitri,CY,3ad500c2-4ca8-4271-8d67-80eb46eacea4:57,1,1,67173def-03f4-43a1-bbb0-ea616cede8dc,7,3,1,3,0,0,2026-10-05T17:46:52.445029
1inhgfur2Vw,FPV,Real,https://www.youtube.com/watch?v=1inhgfur2Vw,,,labeled,Mark Wilson,Dimitri,CY,3ad500c2-4ca8-4271-8d67-80eb46eacea4:58,1,1,6da86d03-a191-4a51-bfa9-7e23c2bbd6ee,0,0,0,0,0,0,2026-10-05T17:48:09.508472
A4TurTNC5aU,FPV,Real,https://www.youtube.com/watch?v=A4TurTNC5aU,,,not_labeled,Mark Wilson,,CY,3ad500c2-4ca8-4271-8d67-80eb46eacea4:59,1,0,,0,0,0,0,0,0,2026-10-05T17:48:25.655415
9z0WTKq49Ls,FPV,Real,https://www.youtube.com/watch?v=9z0WTKq49Ls,,,labeled,Mark Wilson,Dimitri,CY,3ad500c2-4ca8-4271-8d67-80eb46eacea4:60,1,1,8c0a23ea-22a7-48aa-a523-a65eb02737f0,1,1,0,0,0,0,2026-10-05T17:56:15.024989
tfl-_D7t2Mo,FPV,Real,https://www.youtube.com/watch?v=tfl-_D7t2Mo,,,labeled,Mark Wilson,Dimitri,CY,3ad500c2-4ca8-4271-8d67-80eb46eacea4:61,1,1,ef1d4381-d39a-4f7e-8cf7-905b68e23984,1,0,1,0,0,0,2026-10-05T17:58:46.286368
2SMgYeEiv64,FPV,Real,https://www.youtube.com/watch?v=2SMgYeEiv64,,,labeled,Mark Wilson,Dimitri,CY,3ad500c2-4ca8-4271-8d67-80eb46eacea4:62,1,1,b95dd3fd-4990-49a3-954f-fed1f9111da2,0,0,0,0,0,0,2026-10-05T18:13:36.243061
m7nfp-8cbKA,Third-person,Real,https://www.youtube.com/watch?v=m7nfp-8cbKA,,,in_progress,Matthew OHair,,CY,3ad500c2-4ca8-4271-8d67-80eb46eacea4:63,1,0,,0,0,0,0,0,0,2026-10-05T18:13:36.266004
WETFIMR8FCM,Unknown,Real,https://www.youtube.com/watch?v=WETFIMR8FCM,,,in_progress,Michael Nixon,,CY,3ad500c2-4ca8-4271-8d67-80eb46eacea4:64,1,0,,0,0,0,0,0,0,2026-10-05T18:14:15.863797
4E6Ls8axNVw,Unknown,Real,https://www.youtube.com/watch?v=4E6Ls8axNVw,,,labeled,Nathan Schott,Dimitri,CY,3ad500c2-4ca8-4271-8d67-80eb46eacea4:65,1,1,b4cf36f4-13cd-4788-876f-8f2ff82b7b3d,10,4,2,4,0,0,2026-10-05T18:29:06.983620
BV7vi3VJgKI,FPV,Real,https://www.youtube.com/watch?v=BV7vi3VJgKI,,,labeled,Nicholas Welch,Dimitri,CY,3ad500c2-4ca8-4271-8d67-80eb46eacea4:66,1,1,3d923a24-995d-42d5-9292-5042893d1ac4,2,0,0,2,0,0,2026-10-05T18:32:44.249707
7a2H2kVaqvk,Unknown,Real,https://www.youtube.com/watch?v=7a2H2kVaqvk,,,labeled,Patrick Curry,Dimitri,CY,3ad500c2-4ca8-4271-8d67-80eb46eacea4:67,1,1,ab2cb3b4-d174-4ef8-a726-10e10db9b8ae,0,0,0,0,0,0,2026-10-05T18:32:59.905871
ugqfi_jwutA,Unknown,Real,https://www.youtube.com/watch?v=ugqfi_jwutA,,,labeled,Patrick Curry,Dimitri,CY,3ad500c2-4ca8-4271-8d67-80eb46eacea4:68,1,1,dcbd46ba-6e61-4cef-8742-0caada7cd27c,0,0,0,0,0,0,2026-10-05T18:33:16.133139
xDutj1g8k9A,Unknown,Real,https://www.youtube.com/watch?v=xDutj1g8k9A,,,labeled,Patrick Curry,Dimitri,CY,3ad500c2-4ca8-4271-8d67-80eb46eacea4:69,1,1,bc812c3a-e1dc-41d9-ab15-4f0e9352b182,0,0,0,0,0,0,2026-10-05T18:33:29.197527
_WV8evyJdEk,Unknown,Real,https://www.youtube.com/watch?v=_WV8evyJdEk,,,labeled,Patrick Curry,Dimitri,CY,3ad500c2-4ca8-4271-8d67-80eb46eacea4:70,1,1,7550f0d1-9993-4b29-a998-f7ff3521363e,0,0,0,0,0,0,2026-10-05T18:33:42.662179
nRuBb_EZJDs,Unknown,Real,https://www.youtube.com/watch?v=nRuBb_EZJDs,,,labeled,Patrick Curry,Dimitri,CY,3ad500c2-4ca8-4271-8d67-80eb46eacea4:71,1,1,abf40551-b182-4578-bada-a63425355525,0,0,0,0,0,0,2026-10-05T18:34:44.079530
5lpDzZxijnM,Unknown,Real,https://www.youtube.com/watch?v=5lpDzZxijnM,,,labeled,Patrick Curry,Dimitri,CY,3ad500c2-4ca8-4271-8d67-80eb46eacea4:72,1,1,b50652ca-c0a9-4898-bf39-5c22e5004913,0,0,0,0,0,0,2026-10-05T18:34:59.965475
yzIwlfVclg8,FPV,Real,https://www.youtube.com/watch?v=yzIwlfVclg8,,,labeled,Patrick Curry,Dimitri,CY,3ad500c2-4ca8-4271-8d67-80eb46eacea4:73,1,1,74f8b54d-9ad2-4356-a4c2-fe581a248c5b,1,1,0,0,0,0,2026-10-05T18:36:44.999381
PmutPdePdHA,FPV,Real,https://www.youtube.com/watch?v=PmutPdePdHA,,,labeled,Patrick Curry,Dimitri,CY,3ad500c2-4ca8-4271-8d67-80eb46eacea4:74,1,1,b12f4b04-056d-4b55-80f6-cd083f0b887b,3,1,0,2,0,0,2026-10-05T18:38:10.017389
CgLL7wbYn7o,Unknown,Real,https://www.youtube.com/watch?v=CgLL7wbYn7o,,,labeled,Samuel Apigian,Dimitri,CY,3ad500c2-4ca8-4271-8d67-80eb46eacea4:75,1,1,ca18b291-1d19-4dc6-8e63-2d3c25905499,1,1,0,0,0,0,2026-10-05T18:42:24.139787
XVhMSTgRVYg,Unknown,Real,https://www.youtube.com/watch?v=XVhMSTgRVYg,,,labeled,Samuel Dunn,Dimitri,CY,3ad500c2-4ca8-4271-8d67-80eb46eacea4:76,1,1,bd4e7241-56cf-4bda-bb0f-aa477bb41ab8,2,1,1,0,0,0,2026-10-05T18:45:59.216148
iCe-Ml6tBag,FPV,Real,https://www.youtube.com/watch?v=iCe-Ml6tBag,,,labeled,Samuel Dunn,Dimitri,CY,3ad500c2-4ca8-4271-8d67-80eb46eacea4:77,1,1,45718427-869b-4f75-ac49-0b9d365d3a18,1,0,0,0,1,0,2026-10-05T18:46:23.356010
TzlKilT_YVw,FPV,Real,https://www.youtube.com/watch?v=TzlKilT_YVw,,,labeled,Samuel Dunn,Dimitri,CY,3ad500c2-4ca8-4271-8d67-80eb46eacea4:78,1,1,bb9db620-06dc-4e2e-91d1-763d17ea305a,2,1,0,0,1,0,2026-10-05T18:46:49.566880
hmpz5K3-vLE,FPV,Real,https://www.youtube.com/watch?v=hmpz5K3-vLE,,,labeled,Samuel Dunn,Dimitri,CY,3ad500c2-4ca8-4271-8d67-80eb46eacea4:79,1,1,31b564cf-ecef-4acd-8f94-27555184d217,2,1,0,0,1,0,2026-10-05T18:47:21.274452
fXzt4LNMHWA,FPV,Real,https://www.youtube.com/watch?v=fXzt4LNMHWA,,,labeled,Samuel Dunn,Dimitri,CY,3ad500c2-4ca8-4271-8d67-80eb46eacea4:80,1,1,06c814fe-99cc-4523-b3ba-fab726d0c01f,2,1,0,0,1,0,2026-10-05T18:48:15.216833
fNDSX7uTapQ,FPV,Real,https://www.youtube.com/watch?v=fNDSX7uTapQ,,,labeled,Samuel Dunn,Dimitri,CY,3ad500c2-4ca8-4271-8d67-80eb46eacea4:81,1,1,eba04600-eda5-4f1d-8293-ca74fff6f0f9,2,1,0,1,0,0,2026-10-05T18:48:50.317318
qMAYm2a1PtA,FPV,Real,https://www.youtube.com/watch?v=qMAYm2a1PtA,,,labeled,Samuel Dunn,Dimitri,CY,3ad500c2-4ca8-4271-8d67-80eb46eacea4:82,1,1,d40a34e5-88bc-483a-a0ef-d63dac6679f4,5,3,1,1,0,0,2026-10-05T18:54:57.812443
Z6QxWCXLZpw,FPV,Real,https://www.youtube.com/watch?v=Z6QxWCXLZpw,,,labeled,Samuel Dunn,Dimitri,CY,3ad500c2-4ca8-4271-8d67-80eb46eacea4:83,1,1,8c2fc4fe-6c4e-4836-beea-ba24565c3cef,5,2,0,3,0,0,2026-10-05T18:57:49.919048
8Hjv726XPOk,Third-person,Real,https://www.youtube.com/watch?v=8Hjv726XPOk,,,labeled,Shontal Botros,Dimitri,CY,3ad500c2-4ca8-4271-8d67-80eb46eacea4:84,1,1,adfb116c-ca1b-4b40-b068-4da0e98dfcfd,2,1,1,0,0,0,2026-10-05T19:01:37.769157
xi8WyGcaz9E,Third-person,Real,https://www.youtube.com/watch?v=xi8WyGcaz9E,,,labeled,Shontal Botros,Dimitri,CY,3ad500c2-4ca8-4271-8d67-80eb46eacea4:85,1,1,92c27ee0-f3fe-42ea-9917-85ebc3c0916c,2,1,0,1,0,0,2026-10-05T19:03:10.553322
8vEFkgpMTfc,Third-person,Real,https://www.youtube.com/watch?v=8vEFkgpMTfc,,,labeled,Shontal Botros,Dimitri,CY,3ad500c2-4ca8-4271-8d67-80eb46eacea4:86,1,1,b321edbf-69ac-4ccc-957c-3c079c4667b9,1,0,0,1,0,0,2026-10-05T19:04:26.585747
k8xM2VsClXg,Third-person,Real,https://www.youtube.com/watch?v=k8xM2VsClXg,,,labeled,Shontal Botros,Dimitri,CY,3ad500c2-4ca8-4271-8d67-80eb46eacea4:87,1,1,05f82be2-6d21-4ca0-b4df-a890955ef9a4,1,1,0,0,0,0,2026-10-05T19:22:36.418112
c6WvM3kKXB8,Third-person,Real,https://www.youtube.com/watch?v=c6WvM3kKXB8,,,in_progress,Wang Hii,,CY,3ad500c2-4ca8-4271-8d67-80eb46eacea4:88,1,0,,0,0,0,0,0,0,2026-10-05T19:22:36.440869
AA6ZjccpnXA,Third-person,Real,https://www.youtube.com/watch?v=AA6ZjccpnXA,,,labeled,Wang Hii,Dimitri,CY,3ad500c2-4ca8-4271-8d67-80eb46eacea4:89,1,1,ba869408-313d-431b-af57-904812839342,4,3,0,1,0,0,2026-10-05T21:57:07.549990
iWYGUG29zss,Third-person,Real,https://www.youtube.com/watch?v=iWYGUG29zss,,,labeled,Wang Hii,Dimitri,CY,3ad500c2-4ca8-4271-8d67-80eb46eacea4:90,1,1,45e9cfc6-21fc-4e2e-9e9f-fbcdd6e2070c,4,2,1,1,0,0,2026-10-05T21:59:17.585898
j_vYbESHCaI,Third-person,Real,https://www.youtube.com/watch?v=j_vYbESHCaI,,,labeled,Wang Hii,Dimitri,CY,3ad500c2-4ca8-4271-8d67-80eb46eacea4:91,1,1,d70dc5cd-c62f-4dec-9ab6-7458718c5b45,4,3,1,0,0,0,2026-10-05T22:01:34.113554
5_hz3yNIVuY,Third-person,Real,https://www.youtube.com/watch?v=5_hz3yNIVuY,,,labeled,Wang Hii,Dimitri,CY,3ad500c2-4ca8-4271-8d67-80eb46eacea4:92,1,1,ae4480b4-0741-46fb-91e0-b877f2d9b1ce,1,1,0,0,0,0,2026-10-05T22:02:48.048742
neGwr2JPSy0,FPV,Simulation,https://www.youtube.com/watch?v=neGwr2JPSy0,,,labeled,Abigail Lee,Dimitri,CY,3ad500c2-4ca8-4271-8d67-80eb46eacea4:93,1,1,8b658b2b-c905-4f68-991e-680357712c07,11,4,4,0,3,0,2026-10-05T22:07:12.568802
MrN_RbXvbXE,FPV,Simulation,https://www.youtube.com/watch?v=MrN_RbXvbXE,,,labeled,Abigail Lee,Dimitri,CY,3ad500c2-4ca8-4271-8d67-80eb46eacea4:94,1,1,c8ab871f-ef5f-4714-b62f-37b2122d8829,11,5,1,1,4,0,2026-10-05T22:11:23.336459
luOfjla3cv0,FPV,Simulation,https://www.youtube.com/watch?v=luOfjla3cv0,,,labeled,Abigail Lee,Dimitri,CY,3ad500c2-4ca8-4271-8d67-80eb46eacea4:95,1,1,f21abd4a-86d6-4447-9760-b2a3ccd36f3b,15,5,2,3,5,0,2026-10-05T22:17:58.129971
kBpd7WggxjI,FPV,Simulation,https://www.youtube.com/watch?v=kBpd7WggxjI,,,labeled,Anthony Banas,Dimitri,CY,3ad500c2-4ca8-4271-8d67-80eb46eacea4:96,1,1,54b25a03-9308-44ba-b26e-691c06b4b7e3,0,0,0,0,0,0,2026-10-05T22:20:17.320883
cqRdplLjcxQ,Unknown,Simulation,https://www.youtube.com/watch?v=cqRdplLjcxQ,,,in_progress,Ashleigh Moffett,,CY,3ad500c2-4ca8-4271-8d67-80eb46eacea4:97,1,0,,0,0,0,0,0,0,2026-10-05T22:20:17.374611
azq8kI5eqLM,Unknown,Simulation,https://www.youtube.com/watch?v=azq8kI5eqLM,,,not_labeled,Ashleigh Moffett,,CY,3ad500c2-4ca8-4271-8d67-80eb46eacea4:98,1,0,,0,0,0,0,0,0,2026-09-29T17:27:47.680392
WGZcLNf5lkg,FPV,Simulation,https://www.youtube.com/watch?v=WGZcLNf5lkg,,,not_labeled,Ashton Mercy,,CY,3ad500c2-4ca8-4271-8d67-80eb46eacea4:99,1,0,,0,0,0,0,0,0,2026-09-29T17:27:47.680392
vCQmKcnUlyE,FPV,Simulation,https://www.youtube.com/watch?v=vCQmKcnUlyE,,,not_labeled,Ashton Mercy,,CY,3ad500c2-4ca8-4271-8d67-80eb46eacea4:100,1,0,,0,0,0,0,0,0,2026-09-29T17:27:47.680392
GPahXHPa_LM,FPV,Simulation,https://www.youtube.com/watch?v=GPahXHPa_LM,,,not_labeled,Beau Eerebout,,CY,3ad500c2-4ca8-4271-8d67-80eb46eacea4:101,1,0,,0,0,0,0,0,0,2026-09-29T17:27:47.680392
jC_3ERwXWXY,Third-person,Simulation,https://www.youtube.com/watch?v=jC_3ERwXWXY,,,not_labeled,Benyamin Hussein,,CY,3ad500c2-4ca8-4271-8d67-80eb46eacea4:102,1,0,,0,0,0,0,0,0,2026-09-29T17:27:47.680392
i6_c4AQk0u8,FPV,Simulation,https://www.youtube.com/watch?v=i6_c4AQk0u8,,,not_labeled,Cristian Ramirez,,CY,3ad500c2-4ca8-4271-8d67-80eb46eacea4:103,1,0,,0,0,0,0,0,0,2026-09-29T17:27:47.680392
naWizPxM-3M,FPV,Simulation,https://www.youtube.com/watch?v=naWizPxM-3M,,,not_labeled,Cristian Ramirez,,CY,3ad500c2-4ca8-4271-8d67-80eb46eacea4:104,1,0,,0,0,0,0,0,0,2026-09-29T17:27:47.680392
PdJMRob3pO4,FPV,Simulation,https://www.youtube.com/watch?v=PdJMRob3pO4,,,not_labeled,Cristian Ramirez,,CY,3ad500c2-4ca8-4271-8d67-80eb46eacea4:105,1,0,,0,0,0,0,0,0,2026-09-29T17:27:47.680392
XSGLtp3rXeM,FPV,Simulation,https://www.youtube.com/watch?v=XSGLtp3rXeM,,,not_labeled,Cristian Ramirez,,CY,3ad500c2-4ca8-4271-8d67-80eb46eacea4:106,1,0,,0,0,0,0,0,0,2026-09-29T17:27:47.680392
Eu6HlWUy-9M,FPV,Simulation,https://www.youtube.com/watch?v=Eu6HlWUy-9M,,,not_labeled,Cristian Ramirez,,CY,3ad500c2-4ca8-4271-8d67-80eb46eacea4:107,1,0,,0,0,0,0,0,0,2026-09-29T17:27:47.680392
RnH6pIp6vSk,FPV,Simulation,https://www.youtube.com/watch?v=RnH6pIp6vSk,,,not_labeled,Cristian Ramirez,,CY,3ad500c2-4ca8-4271-8d67-80eb46eacea4:108,1,0,,0,0,0,0,0,0,2026-09-29T17:27:47.680392
ATnv-Uy_tjI,FPV,Simulation,https://www.youtube.com/watch?v=ATnv-Uy_tjI,,,not_labeled,Donovan Galloway,,CY,3ad500c2-4ca8-4271-8d67-80eb46eacea4:109,1,0,,0,0,0,0,0,0,2026-09-29T17:27:47.680392
k_ZxtjiJra4,FPV,Simulation,https://www.youtube.com/watch?v=k_ZxtjiJra4,,,not_labeled,Elizabeth Boyd,,CY,3ad500c2-4ca8-4271-8d67-80eb46eacea4:110,1,0,,0,0,0,0,0,0,2026-09-29T17:27:47.680392
2a0DTf4-URQ,FPV,Simulation,https://www.youtube.com/watch?v=2a0DTf4-URQ,,,not_labeled,Elizabeth Boyd,,CY,3ad500c2-4ca8-4271-8d67-80eb46eacea4:111,1,0,,0,0,0,0,0,0,2026-09-29T17:27:47.680392
6Vs9feJCnP4,Unknown,Simulation,https://www.youtube.com/watch?v=6Vs9feJCnP4,,,not_labeled,Erica Gerardi,,CY,3ad500c2-4ca8-4271-8d67-80eb46eacea4:112,1,0,,0,0,0,0,0,0,2026-09-29T17:27:47.680392
Dd7cXYO5lgk,Unknown,Simulation,https://www.youtube.com/watch?v=Dd7cXYO5lgk,,,not_labeled,Erica Gerardi,,CY,3ad500c2-4ca8-4271-8d67-80eb46eacea4:113,1,0,,0,0,0,0,0,0,2026-09-29T17:27:47.680392
v3V0SXW8SkQ,Unknown,Simulation,https://www.youtube.com/watch?v=v3V0SXW8SkQ,,,not_labeled,Erica Gerardi,,CY,3ad500c2-4ca8-4271-8d67-80eb46eacea4:114,1,0,,0,0,0,0,0,0,2026-09-29T17:27:47.680392
YZJKZjXpIB8,Unknown,Simulation,https://www.youtube.com/watch?v=YZJKZjXpIB8,,,not_labeled,Erica Gerardi,,CY,3ad500c2-4ca8-4271-8d67-80eb46eacea4:115,1,0,,0,0,0,0,0,0,2026-09-29T17:27:47.680392
mOgGtwklbDI,FPV,Simulation,https://www.youtube.com/watch?v=mOgGtwklbDI,,,not_labeled,Erik Nilsson,,CY,3ad500c2-4ca8-4271-8d67-80eb46eacea4:116,1,0,,0,0,0,0,0,0,2026-09-29T17:27:47.680392
ca3sGga1NSA,FPV,Simulation,https://www.youtube.com/watch?v=ca3sGga1NSA,,,not_labeled,Erik Nilsson,,CY,3ad500c2-4ca8-4271-8d67-80eb46eacea4:117,1,0,,0,0,0,0,0,0,2026-09-29T17:27:47.680392
RlJ9PA5Osfk,FPV,Simulation,https://www.youtube.com/watch?v=RlJ9PA5Osfk,,,not_labeled,Erik Nilsson,,CY,3ad500c2-4ca8-4271-8d67-80eb46eacea4:118,1,0,,0,0,0,0,0,0,2026-09-29T17:27:47.680392
d-TRmtIFT_U,FPV,Simulation,https://www.youtube.com/watch?v=d-TRmtIFT_U,,,not_labeled,Erik Nilsson,,CY,3ad500c2-4ca8-4271-8d67-80eb46eacea4:119,1,0,,0,0,0,0,0,0,2026-09-29T17:27:47.680392
R28xs9mmTK0,FPV,Simulation,https://www.youtube.com/watch?v=R28xs9mmTK0,,,not_labeled,Erik Nilsson,,CY,3ad500c2-4ca8-4271-8d67-80eb46eacea4:120,1,0,,0,0,0,0,0,0,2026-09-29T17:27:47.680392
kn0NLt-tgoI,Third-person,Simulation,https://www.youtube.com/watch?v=kn0NLt-tgoI,,,not_labeled,Fraol Wordoffa,,CY,3ad500c2-4ca8-4271-8d67-80eb46eacea4:121,1,0,,0,0,0,0,0,0,2026-09-29T17:27:47.680392
-zOLYfJIXo4,Third-person,Simulation,https://www.youtube.com/watch?v=-zOLYfJIXo4,,,not_labeled,Fraol Wordoffa,,CY,3ad500c2-4ca8-4271-8d67-80eb46eacea4:122,1,0,,0,0,0,0,0,0,2026-09-29T17:27:47.680392
aEX-s6PzO7I,Third-person,Simulation,https://www.youtube.com/watch?v=aEX-s6PzO7I,,,not_labeled,Fraol Wordoffa,,CY,3ad500c2-4ca8-4271-8d67-80eb46eacea4:123,1,0,,0,0,0,0,0,0,2026-09-29T17:27:47.680392
ur_THx_C9Lk,Third-person,Simulation,https://www.youtube.com/watch?v=ur_THx_C9Lk,,,not_labeled,Fraol Wordoffa,,CY,3ad500c2-4ca8-4271-8d67-80eb46eacea4:124,1,0,,0,0,0,0,0,0,2026-09-29T17:27:47.680392
kiGF012T2NM,Third-person,Simulation,https://www.youtube.com/watch?v=kiGF012T2NM,,,not_labeled,Fraol Wordoffa,,CY,3ad500c2-4ca8-4271-8d67-80eb46eacea4:125,1,0,,0,0,0,0,0,0,2026-09-29T17:27:47.680392
XkbdLcwSRFU,Third-person,Simulation,https://www.youtube.com/watch?v=XkbdLcwSRFU,,,not_labeled,Fraol Wordoffa,,CY,3ad500c2-4ca8-4271-8d67-80eb46eacea4:126,1,0,,0,0,0,0,0,0,2026-09-29T17:27:47.680392
6skLVDF2jIg,FPV,Simulation,https://www.youtube.com/watch?v=6skLVDF2jIg,,,not_labeled,Garrett Hortert,,CY,3ad500c2-4ca8-4271-8d67-80eb46eacea4:127,1,0,,0,0,0,0,0,0,2026-09-29T17:27:47.680392
Jo6WfO9GCLc,Third-person,Simulation,https://www.youtube.com/watch?v=Jo6WfO9GCLc,,,not_labeled,Holly Craddock,,CY,3ad500c2-4ca8-4271-8d67-80eb46eacea4:128,1,0,,0,0,0,0,0,0,2026-09-29T17:27:47.680392
IexVC3x34EA,Third-person,Simulation,https://www.youtube.com/watch?v=IexVC3x34EA,,,not_labeled,Holly Craddock,,CY,3ad500c2-4ca8-4271-8d67-80eb46eacea4:129,1,0,,0,0,0,0,0,0,2026-09-29T17:27:47.680392
TOtD1L-80lA,Third-person,Simulation,https://www.youtube.com/watch?v=TOtD1L-80lA,,,not_labeled,Holly Craddock,,CY,3ad500c2-4ca8-4271-8d67-80eb46eacea4:130,1,0,,0,0,0,0,0,0,2026-09-29T17:27:47.680392
FupURvJHE1c,Third-person,Simulation,https://www.youtube.com/watch?v=FupURvJHE1c,,,not_labeled,Holly Craddock,,CY,3ad500c2-4ca8-4271-8d67-80eb46eacea4:131,1,0,,0,0,0,0,0,0,2026-09-29T17:27:47.680392
v3eQJgxkRio,Third-person,Simulation,https://www.youtube.com/watch?v=v3eQJgxkRio,,,not_labeled,Holly Craddock,,CY,3ad500c2-4ca8-4271-8d67-80eb46eacea4:132,1,0,,0,0,0,0,0,0,2026-09-29T17:27:47.680392
RTXUI0X3cVk,FPV,Simulation,https://www.youtube.com/watch?v=RTXUI0X3cVk,,,not_labeled,Hunter Hill,,CY,3ad500c2-4ca8-4271-8d67-80eb46eacea4:133,1,0,,0,0,0,0,0,0,2026-09-29T17:27:47.680392
3tZ6lkOuqNk,FPV,Simulation,https://www.youtube.com/watch?v=3tZ6lkOuqNk,,,not_labeled,Jack Lockett,,CY,3ad500c2-4ca8-4271-8d67-80eb46eacea4:134,1,0,,0,0,0,0,0,0,2026-09-29T17:27:47.680392
10MPf8lAEOs,FPV,Simulation,https://www.youtube.com/watch?v=10MPf8lAEOs,,,not_labeled,Jack Lockett,,CY,3ad500c2-4ca8-4271-8d67-80eb46eacea4:135,1,0,,0,0,0,0,0,0,2026-09-29T17:27:47.680392
WCvXQ36pzo4,FPV,Simulation,https://www.youtube.com/watch?v=WCvXQ36pzo4,,,not_labeled,Jack Lockett,,CY,3ad500c2-4ca8-4271-8d67-80eb46eacea4:136,1,0,,0,0,0,0,0,0,2026-09-29T17:27:47.680392
J6jKowWzEcs,FPV,Simulation,https://www.youtube.com/watch?v=J6jKowWzEcs,,,not_labeled,Jack Lockett,,CY,3ad500c2-4ca8-4271-8d67-80eb46eacea4:137,1,0,,0,0,0,0,0,0,2026-09-29T17:27:47.680392
V4J3vTquyIc,FPV,Simulation,https://www.youtube.com/watch?v=V4J3vTquyIc,,,not_labeled,Jack Lockett,,CY,3ad500c2-4ca8-4271-8d67-80eb46eacea4:138,1,0,,0,0,0,0,0,0,2026-09-29T17:27:47.680392
ScRnIQHeniU,Third-person,Simulation,https://www.youtube.com/watch?v=ScRnIQHeniU,,,not_labeled,Joshua Gensmer,,CY,3ad500c2-4ca8-4271-8d67-80eb46eacea4:139,1,0,,0,0,0,0,0,0,2026-09-29T17:27:47.680392
fjcn239xxN0,Third-person,Simulation,https://www.youtube.com/watch?v=fjcn239xxN0,,,not_labeled,Joshua Gensmer,,CY,3ad500c2-4ca8-4271-8d67-80eb46eacea4:140,1,0,,0,0,0,0,0,0,2026-09-29T17:27:47.680392
WuLmnG5dG0U,Third-person,Simulation,https://www.youtube.com/watch?v=WuLmnG5dG0U,,,not_labeled,Joshua Gensmer,,CY,3ad500c2-4ca8-4271-8d67-80eb46eacea4:141,1,0,,0,0,0,0,0,0,2026-09-29T17:27:47.680392
w_6cQ0w9bic,Third-person,Simulation,https://www.youtube.com/watch?v=w_6cQ0w9bic,,,not_labeled,Joshua Gensmer,,CY,3ad500c2-4ca8-4271-8d67-80eb46eacea4:142,1,0,,0,0,0,0,0,0,2026-09-29T17:27:47.680392
mouWwHgw1YM,Third-person,Simulation,https://www.youtube.com/watch?v=mouWwHgw1YM,,,not_labeled,Joshua Gensmer,,CY,3ad500c2-4ca8-4271-8d67-80eb46eacea4:143,1,0,,0,0,0,0,0,0,2026-09-29T17:27:47.680392
Ui2rohX27lg,FPV,Simulation,https://www.youtube.com/watch?v=Ui2rohX27lg,,,not_labeled,Kenneth Evans,,CY,3ad500c2-4ca8-4271-8d67-80eb46eacea4:144,1,0,,0,0,0,0,0,0,2026-09-29T17:27:47.680392
OLuNaLDPeLk,FPV,Simulation,https://www.youtube.com/watch?v=OLuNaLDPeLk,,,not_labeled,Mark Wilson,,CY,3ad500c2-4ca8-4271-8d67-80eb46eacea4:145,1,0,,0,0,0,0,0,0,2026-09-29T17:27:47.680392
eBlZtrEuRvs,FPV,Simulation,https://www.youtube.com/watch?v=eBlZtrEuRvs,,,not_labeled,Mark Wilson,,CY,3ad500c2-4ca8-4271-8d67-80eb46eacea4:146,1,0,,0,0,0,0,0,0,2026-09-29T17:27:47.680392
PuiGlZXmQT8,FPV,Simulation,https://www.youtube.com/watch?v=PuiGlZXmQT8,,,not_labeled,Mark Wilson,,CY,3ad500c2-4ca8-4271-8d67-80eb46eacea4:147,1,0,,0,0,0,0,0,0,2026-09-29T17:27:47.680392
LFvEF2JVgOQ,FPV,Simulation,https://www.youtube.com/watch?v=LFvEF2JVgOQ,,,not_labeled,Mark Wilson,,CY,3ad500c2-4ca8-4271-8d67-80eb46eacea4:148,1,0,,0,0,0,0,0,0,2026-09-29T17:27:47.680392
HpBE-Dvjm2s,FPV,Simulation,https://www.youtube.com/watch?v=HpBE-Dvjm2s,,,not_labeled,Mark Wilson,,CY,3ad500c2-4ca8-4271-8d67-80eb46eacea4:149,1,0,,0,0,0,0,0,0,2026-09-29T17:27:47.680392
O4PS7_3jz2k,FPV,Simulation,https://www.youtube.com/watch?v=O4PS7_3jz2k,,,not_labeled,Michael Nixon,,CY,3ad500c2-4ca8-4271-8d67-80eb46eacea4:150,1,0,,0,0,0,0,0,0,2026-09-29T17:27:47.680392
qIxPTP1Y3dw,Unknown,Simulation,https://www.youtube.com/watch?v=qIxPTP1Y3dw,,,not_labeled,Nathan Schott,,CY,3ad500c2-4ca8-4271-8d67-80eb46eacea4:151,1,0,,0,0,0,0,0,0,2026-09-29T17:27:47.680392
RVEFRsln3Fs,Unknown,Simulation,https://www.youtube.com/watch?v=RVEFRsln3Fs,,,not_labeled,Nathan Schott,,CY,3ad500c2-4ca8-4271-8d67-80eb46eacea4:152,1,0,,0,0,0,0,0,0,2026-09-29T17:27:47.680392
aiQsTuDWIQg,Unknown,Simulation,https://www.youtube.com/watch?v=aiQsTuDWIQg,,,not_labeled,Nathan Schott,,CY,3ad500c2-4ca8-4271-8d67-80eb46eacea4:153,1,0,,0,0,0,0,0,0,2026-09-29T17:27:47.680392
Gd12g9XqSo4,FPV,Simulation,https://www.youtube.com/watch?v=Gd12g9XqSo4,,,not_labeled,Nicholas Welch,,CY,3ad500c2-4ca8-4271-8d67-80eb46eacea4:154,1,0,,0,0,0,0,0,0,2026-09-29T17:27:47.680392
cc_4a9E6wmc,FPV,Simulation,https://www.youtube.com/watch?v=cc_4a9E6wmc,,,not_labeled,Nicholas Welch,,CY,3ad500c2-4ca8-4271-8d67-80eb46eacea4:155,1,0,,0,0,0,0,0,0,2026-09-29T17:27:47.680392
T3F430E6bpI,FPV,Simulation,https://www.youtube.com/watch?v=T3F430E6bpI,,,not_labeled,Nicholas Welch,,CY,3ad500c2-4ca8-4271-8d67-80eb46eacea4:156,1,0,,0,0,0,0,0,0,2026-09-29T17:27:47.680392
m_pClpueWIY,FPV,Simulation,https://www.youtube.com/watch?v=m_pClpueWIY,,,not_labeled,Nicholas Welch,,CY,3ad500c2-4ca8-4271-8d67-80eb46eacea4:157,1,0,,0,0,0,0,0,0,2026-09-29T17:27:47.680392
dNlRmnlWIEY,FPV,Simulation,https://www.youtube.com/watch?v=dNlRmnlWIEY,,,not_labeled,Nicholas Welch,,CY,3ad500c2-4ca8-4271-8d67-80eb46eacea4:158,1,0,,0,0,0,0,0,0,2026-09-29T17:27:47.680392
Vzj78FsgQZg,FPV,Simulation,https://www.youtube.com/watch?v=Vzj78FsgQZg,,,not_labeled,Nicholas Welch,,CY,3ad500c2-4ca8-4271-8d67-80eb46eacea4:159,1,0,,0,0,0,0,0,0,2026-09-29T17:27:47.680392
gf7cp6_XFvQ,FPV,Simulation,https://www.youtube.com/watch?v=gf7cp6_XFvQ,,,not_labeled,Nicholas Welch,,CY,3ad500c2-4ca8-4271-8d67-80eb46eacea4:160,1,0,,0,0,0,0,0,0,2026-09-29T17:27:47.680392
IDr2-0vyeZ4,FPV,Simulation,https://www.youtube.com/watch?v=IDr2-0vyeZ4,,,not_labeled,Nicholas Welch,,CY,3ad500c2-4ca8-4271-8d67-80eb46eacea4:161,1,0,,0,0,0,0,0,0,2026-09-29T17:27:47.680392
HrokcqLvNw4,FPV,Simulation,https://www.youtube.com/watch?v=HrokcqLvNw4,,,not_labeled,Nicholas Welch,,CY,3ad500c2-4ca8-4271-8d67-80eb46eacea4:162,1,0,,0,0,0,0,0,0,2026-09-29T17:27:47.680392
LgjeJKXb3wY,FPV,Simulation,https://www.youtube.com/watch?v=LgjeJKXb3wY,,,not_labeled,Nicholas Welch,,CY,3ad500c2-4ca8-4271-8d67-80eb46eacea4:163,1,0,,0,0,0,0,0,0,2026-09-29T17:27:47.680392
BASxPID4u3Q,FPV,Simulation,https://www.youtube.com/watch?v=BASxPID4u3Q,,,not_labeled,Nicholas Welch,,CY,3ad500c2-4ca8-4271-8d67-80eb46eacea4:164,1,0,,0,0,0,0,0,0,2026-09-29T17:27:47.680392
3oVErC3-HA4,FPV,Simulation,https://www.youtube.com/watch?v=3oVErC3-HA4,,,not_labeled,Nicholas Welch,,CY,3ad500c2-4ca8-4271-8d67-80eb46eacea4:165,1,0,,0,0,0,0,0,0,2026-09-29T17:27:47.680392
F0njRcldRGQ,FPV,Simulation,https://www.youtube.com/watch?v=F0njRcldRGQ,,,not_labeled,Nicholas Welch,,CY,3ad500c2-4ca8-4271-8d67-80eb46eacea4:166,1,0,,0,0,0,0,0,0,2026-09-29T17:27:47.680392
x8-FXWK0aNc,FPV,Simulation,https://www.youtube.com/watch?v=x8-FXWK0aNc,,,not_labeled,Nicholas Welch,,CY,3ad500c2-4ca8-4271-8d67-80eb46eacea4:167,1,0,,0,0,0,0,0,0,2026-09-29T17:27:47.680392
ZBqooA4qUek,FPV,Simulation,https://www.youtube.com/watch?v=ZBqooA4qUek,,,not_labeled,Patrick Curry,,CY,3ad500c2-4ca8-4271-8d67-80eb46eacea4:168,1,0,,0,0,0,0,0,0,2026-09-29T17:27:47.680392
AJweMc6Mnh4,FPV,Simulation,https://www.youtube.com/watch?v=AJweMc6Mnh4,,,not_labeled,Patrick Curry,,CY,3ad500c2-4ca8-4271-8d67-80eb46eacea4:169,1,0,,0,0,0,0,0,0,2026-09-29T17:27:47.680392
A4TSTPu-xKI,FPV,Simulation,https://www.youtube.com/watch?v=A4TSTPu-xKI,,,not_labeled,Samuel Apigian,,CY,3ad500c2-4ca8-4271-8d67-80eb46eacea4:170,1,0,,0,0,0,0,0,0,2026-09-29T17:27:47.680392
qjfcmbtrT9E,FPV,Simulation,https://www.youtube.com/watch?v=qjfcmbtrT9E,,,not_labeled,Samuel Apigian,,CY,3ad500c2-4ca8-4271-8d67-80eb46eacea4:171,1,0,,0,0,0,0,0,0,2026-09-29T17:27:47.680392
Urur8lAAML4,FPV,Simulation,https://www.youtube.com/watch?v=Urur8lAAML4,,,not_labeled,Samuel Dunn,,CY,3ad500c2-4ca8-4271-8d67-80eb46eacea4:172,1,0,,0,0,0,0,0,0,2026-09-29T17:27:47.680392
wNN20rIEjHw,FPV,Simulation,https://www.youtube.com/watch?v=wNN20rIEjHw,,,not_labeled,Stephen Gatlin,,CY,3ad500c2-4ca8-4271-8d67-80eb46eacea4:173,1,0,,0,0,0,0,0,0,2026-09-29T17:27:47.680392
U6YBAejxj_o,FPV,Simulation,https://www.youtube.com/watch?v=U6YBAejxj_o,,,not_labeled,Stephen Gatlin,,CY,3ad500c2-4ca8-4271-8d67-80eb46eacea4:174,1,0,,0,0,0,0,0,0,2026-09-29T17:27:47.680392
