model,fold,val_clips,accuracy,macro_f1,weighted_f1
random_forest,0,16,0.6875,0.5097222222222222,0.6253472222222223
random_forest,1,15,0.5333333333333333,0.4173076923076923,0.5323076923076923
random_forest,2,15,0.6666666666666666,0.6345238095238095,0.6698412698412698
random_forest,3,13,0.3076923076923077,0.33531746031746035,0.30158730158730157
random_forest,4,12,0.5,0.2619047619047619,0.4087301587301588
extra_trees,0,16,0.75,0.5558823529411765,0.6852941176470588
extra_trees,1,15,0.5333333333333333,0.3598039215686275,0.47163398692810454
extra_trees,2,15,0.6,0.4423076923076923,0.5452991452991452
extra_trees,3,13,0.3076923076923077,0.24567099567099568,0.27905427905427904
extra_trees,4,12,0.4166666666666667,0.15625,0.2604166666666667
gradient_boosting,0,16,0.625,0.5142156862745098,0.5852941176470589
gradient_boosting,1,15,0.5333333333333333,0.41468253968253965,0.5185185185185185
gradient_boosting,2,15,0.5333333333333333,0.5047619047619047,0.5549206349206349
gradient_boosting,3,13,0.15384615384615385,0.1111111111111111,0.15384615384615385
gradient_boosting,4,12,0.5,0.3333333333333333,0.3333333333333333
hist_gradient_boosting,0,16,0.5625,0.5035714285714286,0.55625
hist_gradient_boosting,1,15,0.4666666666666667,0.3762254901960784,0.4300653594771242
hist_gradient_boosting,2,15,0.5333333333333333,0.5030303030303029,0.5373737373737374
hist_gradient_boosting,3,13,0.3076923076923077,0.3222222222222222,0.3111111111111111
hist_gradient_boosting,4,12,0.4166666666666667,0.22527472527472528,0.3516483516483517
logistic_regression,0,16,0.625,0.4722222222222222,0.5763888888888888
logistic_regression,1,15,0.4,0.34285714285714286,0.4266666666666667
logistic_regression,2,15,0.4666666666666667,0.39444444444444443,0.4592592592592593
logistic_regression,3,13,0.3076923076923077,0.2875,0.33076923076923076
logistic_regression,4,12,0.25,0.15476190476190477,0.2341269841269841
svm_rbf,0,16,0.5625,0.44345238095238093,0.5528273809523809
svm_rbf,1,15,0.4,0.23376623376623376,0.36363636363636365
svm_rbf,2,15,0.6,0.5686507936507936,0.5782010582010582
svm_rbf,3,13,0.46153846153846156,0.375,0.4153846153846154
svm_rbf,4,12,0.4166666666666667,0.16666666666666666,0.27777777777777773
xgboost,0,16,0.5625,0.4261904761904762,0.5404761904761906
xgboost,1,15,0.6,0.4361111111111111,0.5585185185185185
xgboost,2,15,0.5333333333333333,0.5380952380952382,0.546031746031746
xgboost,3,13,0.3076923076923077,0.24583333333333332,0.28205128205128205
xgboost,4,12,0.4166666666666667,0.22619047619047616,0.34920634920634913
