clip_group,session_name,clip_filename,video_id,view_type,label,fold
Abigail_Lee10__001_takeoff.mp4,Abigail_Lee10,001_takeoff.mp4,luOfjla3cv0,FPV,takeoff,2
Abigail_Lee10__002_severe-crash.mp4,Abigail_Lee10,002_severe-crash.mp4,luOfjla3cv0,FPV,severe-crash,2
Abigail_Lee10__003_severe-crash.mp4,Abigail_Lee10,003_severe-crash.mp4,luOfjla3cv0,FPV,severe-crash,2
Abigail_Lee10__004_takeoff.mp4,Abigail_Lee10,004_takeoff.mp4,luOfjla3cv0,FPV,takeoff,2
Abigail_Lee10__005_land.mp4,Abigail_Lee10,005_land.mp4,luOfjla3cv0,FPV,land,2
Abigail_Lee10__006_minor-crash.mp4,Abigail_Lee10,006_minor-crash.mp4,luOfjla3cv0,FPV,minor-crash,2
Abigail_Lee10__007_takeoff.mp4,Abigail_Lee10,007_takeoff.mp4,luOfjla3cv0,FPV,takeoff,2
Abigail_Lee10__008_minor-crash.mp4,Abigail_Lee10,008_minor-crash.mp4,luOfjla3cv0,FPV,minor-crash,2
Abigail_Lee10__009_severe-crash.mp4,Abigail_Lee10,009_severe-crash.mp4,luOfjla3cv0,FPV,severe-crash,2
Abigail_Lee10__010_severe-crash.mp4,Abigail_Lee10,010_severe-crash.mp4,luOfjla3cv0,FPV,severe-crash,2
Abigail_Lee10__011_takeoff.mp4,Abigail_Lee10,011_takeoff.mp4,luOfjla3cv0,FPV,takeoff,2
Abigail_Lee10__012_land.mp4,Abigail_Lee10,012_land.mp4,luOfjla3cv0,FPV,land,2
Abigail_Lee10__013_minor-crash.mp4,Abigail_Lee10,013_minor-crash.mp4,luOfjla3cv0,FPV,minor-crash,2
Abigail_Lee10__014_takeoff.mp4,Abigail_Lee10,014_takeoff.mp4,luOfjla3cv0,FPV,takeoff,2
Abigail_Lee10__015_severe-crash.mp4,Abigail_Lee10,015_severe-crash.mp4,luOfjla3cv0,FPV,severe-crash,2
Abigail_Lee5__001_takeoff.mp4,Abigail_Lee5,001_takeoff.mp4,-uss9TY2MDo,FPV,takeoff,0
Abigail_Lee5__002_land.mp4,Abigail_Lee5,002_land.mp4,-uss9TY2MDo,FPV,land,0
Abigail_Lee5__003_minor-crash.mp4,Abigail_Lee5,003_minor-crash.mp4,-uss9TY2MDo,FPV,minor-crash,0
Abigail_Lee9__001_takeoff.mp4,Abigail_Lee9,001_takeoff.mp4,MrN_RbXvbXE,FPV,takeoff,0
Abigail_Lee9__002_takeoff.mp4,Abigail_Lee9,002_takeoff.mp4,MrN_RbXvbXE,FPV,takeoff,0
Abigail_Lee9__003_minor-crash.mp4,Abigail_Lee9,003_minor-crash.mp4,MrN_RbXvbXE,FPV,minor-crash,0
Abigail_Lee9__004_severe-crash.mp4,Abigail_Lee9,004_severe-crash.mp4,MrN_RbXvbXE,FPV,severe-crash,0
Abigail_Lee9__005_takeoff.mp4,Abigail_Lee9,005_takeoff.mp4,MrN_RbXvbXE,FPV,takeoff,0
Abigail_Lee9__006_severe-crash.mp4,Abigail_Lee9,006_severe-crash.mp4,MrN_RbXvbXE,FPV,severe-crash,0
Abigail_Lee9__007_takeoff.mp4,Abigail_Lee9,007_takeoff.mp4,MrN_RbXvbXE,FPV,takeoff,0
Abigail_Lee9__008_severe-crash.mp4,Abigail_Lee9,008_severe-crash.mp4,MrN_RbXvbXE,FPV,severe-crash,0
Abigail_Lee9__009_takeoff.mp4,Abigail_Lee9,009_takeoff.mp4,MrN_RbXvbXE,FPV,takeoff,0
Abigail_Lee9__010_land.mp4,Abigail_Lee9,010_land.mp4,MrN_RbXvbXE,FPV,land,0
Abigail_Lee9__011_severe-crash.mp4,Abigail_Lee9,011_severe-crash.mp4,MrN_RbXvbXE,FPV,severe-crash,0
Anthony_Banas1__001_takeoff.mp4,Anthony_Banas1,001_takeoff.mp4,pXMBy4fN-wQ,FPV,takeoff,3
Anthony_Banas1__002_minor-crash.mp4,Anthony_Banas1,002_minor-crash.mp4,pXMBy4fN-wQ,FPV,minor-crash,3
Anthony_Banas1__003_land.mp4,Anthony_Banas1,003_land.mp4,pXMBy4fN-wQ,FPV,land,3
Cristian_Ramirez11__001_takeoff.mp4,Cristian_Ramirez11,001_takeoff.mp4,YDgs-5P9HUU,FPV,takeoff,1
Cristian_Ramirez11__002_land.mp4,Cristian_Ramirez11,002_land.mp4,YDgs-5P9HUU,FPV,land,1
Cristian_Ramirez11__003_minor-crash.mp4,Cristian_Ramirez11,003_minor-crash.mp4,YDgs-5P9HUU,FPV,minor-crash,1
Cristian_Ramirez7__001_takeoff.mp4,Cristian_Ramirez7,001_takeoff.mp4,DuYa6KRelSc,FPV,takeoff,4
Cristian_Ramirez7__002_minor-crash.mp4,Cristian_Ramirez7,002_minor-crash.mp4,DuYa6KRelSc,FPV,minor-crash,4
Cristian_Ramirez8__001_takeoff.mp4,Cristian_Ramirez8,001_takeoff.mp4,K6QKYZYz1vo,FPV,takeoff,4
Elizabeth_Boyd2__001_minor-crash.mp4,Elizabeth_Boyd2,001_minor-crash.mp4,qdgA2LGwTXA,FPV,minor-crash,4
Elizabeth_Boyd2__002_takeoff.mp4,Elizabeth_Boyd2,002_takeoff.mp4,qdgA2LGwTXA,FPV,takeoff,4
Elizabeth_Boyd2__003_land.mp4,Elizabeth_Boyd2,003_land.mp4,qdgA2LGwTXA,FPV,land,4
Erik_Nilsson5__001_takeoff.mp4,Erik_Nilsson5,001_takeoff.mp4,wgBijXoCbk4,FPV,takeoff,4
Erik_Nilsson5__002_land.mp4,Erik_Nilsson5,002_land.mp4,wgBijXoCbk4,FPV,land,4
Hunter_Hill1__001_severe-crash.mp4,Hunter_Hill1,001_severe-crash.mp4,zG_q0P9IOas,FPV,severe-crash,3
Hunter_Hill2__001_minor-crash.mp4,Hunter_Hill2,001_minor-crash.mp4,vYDyd6UB1wY,FPV,minor-crash,3
Hunter_Hill4__001_severe-crash.mp4,Hunter_Hill4,001_severe-crash.mp4,lr6QMlWP11o,FPV,severe-crash,3
Hunter_Hill4__002_takeoff.mp4,Hunter_Hill4,002_takeoff.mp4,lr6QMlWP11o,FPV,takeoff,3
Jack_Lockett__001_takeoff.mp4,Jack_Lockett,001_takeoff.mp4,kw5qp7MdprA,FPV,takeoff,3
Jack_Lockett__002_minor-crash.mp4,Jack_Lockett,002_minor-crash.mp4,kw5qp7MdprA,FPV,minor-crash,3
Jack_Lockett__003_takeoff.mp4,Jack_Lockett,003_takeoff.mp4,kw5qp7MdprA,FPV,takeoff,3
Jack_Lockett__004_minor-crash.mp4,Jack_Lockett,004_minor-crash.mp4,kw5qp7MdprA,FPV,minor-crash,3
Mark_Wilson2__001_takeoff.mp4,Mark_Wilson2,001_takeoff.mp4,9z0WTKq49Ls,FPV,takeoff,3
Mark_Wilson3__001_land.mp4,Mark_Wilson3,001_land.mp4,tfl-_D7t2Mo,FPV,land,3
Nicholas_Welch__001_minor-crash.mp4,Nicholas_Welch,001_minor-crash.mp4,BV7vi3VJgKI,FPV,minor-crash,4
Nicholas_Welch__002_minor-crash.mp4,Nicholas_Welch,002_minor-crash.mp4,BV7vi3VJgKI,FPV,minor-crash,4
Patrick_Curry6__001_takeoff.mp4,Patrick_Curry6,001_takeoff.mp4,yzIwlfVclg8,FPV,takeoff,1
Patrick_Curry7__001_takeoff.mp4,Patrick_Curry7,001_takeoff.mp4,PmutPdePdHA,FPV,takeoff,1
Patrick_Curry7__002_minor-crash.mp4,Patrick_Curry7,002_minor-crash.mp4,PmutPdePdHA,FPV,minor-crash,1
Patrick_Curry7__003_minor-crash.mp4,Patrick_Curry7,003_minor-crash.mp4,PmutPdePdHA,FPV,minor-crash,1
Samuel_Dunn1__001_severe-crash.mp4,Samuel_Dunn1,001_severe-crash.mp4,iCe-Ml6tBag,FPV,severe-crash,1
Samuel_Dunn3__001_takeoff.mp4,Samuel_Dunn3,001_takeoff.mp4,hmpz5K3-vLE,FPV,takeoff,1
Samuel_Dunn3__002_severe-crash.mp4,Samuel_Dunn3,002_severe-crash.mp4,hmpz5K3-vLE,FPV,severe-crash,1
Samuel_Dunn4__001_takeoff.mp4,Samuel_Dunn4,001_takeoff.mp4,fXzt4LNMHWA,FPV,takeoff,4
Samuel_Dunn4__002_severe-crash.mp4,Samuel_Dunn4,002_severe-crash.mp4,fXzt4LNMHWA,FPV,severe-crash,4
Samuel_Dunn5__001_takeoff.mp4,Samuel_Dunn5,001_takeoff.mp4,fNDSX7uTapQ,FPV,takeoff,0
Samuel_Dunn5__002_minor-crash.mp4,Samuel_Dunn5,002_minor-crash.mp4,fNDSX7uTapQ,FPV,minor-crash,0
Samuel_Dunn6__001_takeoff.mp4,Samuel_Dunn6,001_takeoff.mp4,qMAYm2a1PtA,FPV,takeoff,1
Samuel_Dunn6__002_minor-crash.mp4,Samuel_Dunn6,002_minor-crash.mp4,qMAYm2a1PtA,FPV,minor-crash,1
Samuel_Dunn6__003_takeoff.mp4,Samuel_Dunn6,003_takeoff.mp4,qMAYm2a1PtA,FPV,takeoff,1
Samuel_Dunn6__004_takeoff.mp4,Samuel_Dunn6,004_takeoff.mp4,qMAYm2a1PtA,FPV,takeoff,1
Samuel_Dunn6__005_land.mp4,Samuel_Dunn6,005_land.mp4,qMAYm2a1PtA,FPV,land,1
