clip_group,session_name,clip_filename,video_id,view_type,true_label,fold,pred_label,correct,prob_land,prob_minor-crash,prob_severe-crash,prob_takeoff
Abigail_Lee10__001_takeoff.mp4,Abigail_Lee10,001_takeoff.mp4,luOfjla3cv0,FPV,takeoff,2,takeoff,True,0.21845918367346936,0.29439795918367345,0.10571428571428572,0.38142857142857145
Abigail_Lee10__002_severe-crash.mp4,Abigail_Lee10,002_severe-crash.mp4,luOfjla3cv0,FPV,severe-crash,2,severe-crash,True,0.09523809523809525,0.18476190476190477,0.6285714285714286,0.09142857142857143
Abigail_Lee10__003_severe-crash.mp4,Abigail_Lee10,003_severe-crash.mp4,luOfjla3cv0,FPV,severe-crash,2,severe-crash,True,0.07785714285714286,0.15785714285714286,0.6771428571428572,0.08714285714285715
Abigail_Lee10__004_takeoff.mp4,Abigail_Lee10,004_takeoff.mp4,luOfjla3cv0,FPV,takeoff,2,takeoff,True,0.2445,0.18978571428571428,0.06285714285714286,0.5028571428571429
Abigail_Lee10__005_land.mp4,Abigail_Lee10,005_land.mp4,luOfjla3cv0,FPV,land,2,severe-crash,False,0.10809523809523808,0.2747619047619047,0.46285714285714286,0.15428571428571428
Abigail_Lee10__006_minor-crash.mp4,Abigail_Lee10,006_minor-crash.mp4,luOfjla3cv0,FPV,minor-crash,2,takeoff,False,0.17657142857142857,0.2162857142857143,0.25,0.35714285714285715
Abigail_Lee10__007_takeoff.mp4,Abigail_Lee10,007_takeoff.mp4,luOfjla3cv0,FPV,takeoff,2,takeoff,True,0.2208571428571428,0.18771428571428572,0.10857142857142857,0.4828571428571429
Abigail_Lee10__008_minor-crash.mp4,Abigail_Lee10,008_minor-crash.mp4,luOfjla3cv0,FPV,minor-crash,2,minor-crash,True,0.13785714285714287,0.3492857142857143,0.3271428571428571,0.18571428571428572
Abigail_Lee10__009_severe-crash.mp4,Abigail_Lee10,009_severe-crash.mp4,luOfjla3cv0,FPV,severe-crash,2,land,False,0.31423809523809526,0.2886190476190476,0.24428571428571427,0.15285714285714286
Abigail_Lee10__010_severe-crash.mp4,Abigail_Lee10,010_severe-crash.mp4,luOfjla3cv0,FPV,severe-crash,2,minor-crash,False,0.21430952380952378,0.3785476190476191,0.24142857142857144,0.1657142857142857
Abigail_Lee10__011_takeoff.mp4,Abigail_Lee10,011_takeoff.mp4,luOfjla3cv0,FPV,takeoff,2,takeoff,True,0.2789285714285714,0.3025,0.09,0.32857142857142857
Abigail_Lee10__012_land.mp4,Abigail_Lee10,012_land.mp4,luOfjla3cv0,FPV,land,2,land,True,0.3274761904761905,0.3196666666666667,0.17857142857142858,0.1742857142857143
Abigail_Lee10__013_minor-crash.mp4,Abigail_Lee10,013_minor-crash.mp4,luOfjla3cv0,FPV,minor-crash,2,minor-crash,True,0.1530952380952381,0.3983333333333333,0.2571428571428571,0.19142857142857142
Abigail_Lee10__014_takeoff.mp4,Abigail_Lee10,014_takeoff.mp4,luOfjla3cv0,FPV,takeoff,2,minor-crash,False,0.1386904761904762,0.4455952380952381,0.22714285714285715,0.18857142857142858
Abigail_Lee10__015_severe-crash.mp4,Abigail_Lee10,015_severe-crash.mp4,luOfjla3cv0,FPV,severe-crash,2,severe-crash,True,0.13461904761904764,0.2810952380952381,0.4857142857142857,0.09857142857142857
Abigail_Lee5__001_takeoff.mp4,Abigail_Lee5,001_takeoff.mp4,-uss9TY2MDo,FPV,takeoff,0,takeoff,True,0.11214285714285714,0.21642857142857144,0.09285714285714286,0.5785714285714286
Abigail_Lee5__002_land.mp4,Abigail_Lee5,002_land.mp4,-uss9TY2MDo,FPV,land,0,takeoff,False,0.10333333333333335,0.17095238095238097,0.18,0.5457142857142857
Abigail_Lee5__003_minor-crash.mp4,Abigail_Lee5,003_minor-crash.mp4,-uss9TY2MDo,FPV,minor-crash,0,takeoff,False,0.08657142857142856,0.15485714285714286,0.20142857142857143,0.5571428571428572
Abigail_Lee9__001_takeoff.mp4,Abigail_Lee9,001_takeoff.mp4,MrN_RbXvbXE,FPV,takeoff,0,takeoff,True,0.22285714285714286,0.27285714285714285,0.041428571428571426,0.46285714285714286
Abigail_Lee9__002_takeoff.mp4,Abigail_Lee9,002_takeoff.mp4,MrN_RbXvbXE,FPV,takeoff,0,takeoff,True,0.19464285714285715,0.2596428571428571,0.047142857142857146,0.49857142857142855
Abigail_Lee9__003_minor-crash.mp4,Abigail_Lee9,003_minor-crash.mp4,MrN_RbXvbXE,FPV,minor-crash,0,minor-crash,True,0.1956666666666667,0.3300476190476191,0.3157142857142857,0.15857142857142856
Abigail_Lee9__004_severe-crash.mp4,Abigail_Lee9,004_severe-crash.mp4,MrN_RbXvbXE,FPV,severe-crash,0,severe-crash,True,0.11980952380952382,0.2773333333333334,0.4328571428571429,0.17
Abigail_Lee9__005_takeoff.mp4,Abigail_Lee9,005_takeoff.mp4,MrN_RbXvbXE,FPV,takeoff,0,takeoff,True,0.21352380952380956,0.24219047619047615,0.06857142857142857,0.4757142857142857
Abigail_Lee9__006_severe-crash.mp4,Abigail_Lee9,006_severe-crash.mp4,MrN_RbXvbXE,FPV,severe-crash,0,severe-crash,True,0.14404761904761904,0.28595238095238096,0.47285714285714286,0.09714285714285714
Abigail_Lee9__007_takeoff.mp4,Abigail_Lee9,007_takeoff.mp4,MrN_RbXvbXE,FPV,takeoff,0,takeoff,True,0.1775,0.2839285714285714,0.06,0.4785714285714286
Abigail_Lee9__008_severe-crash.mp4,Abigail_Lee9,008_severe-crash.mp4,MrN_RbXvbXE,FPV,severe-crash,0,severe-crash,True,0.14797619047619048,0.23916666666666667,0.5014285714285714,0.11142857142857143
Abigail_Lee9__009_takeoff.mp4,Abigail_Lee9,009_takeoff.mp4,MrN_RbXvbXE,FPV,takeoff,0,minor-crash,False,0.14945238095238098,0.4091190476190476,0.06857142857142857,0.37285714285714283
Abigail_Lee9__010_land.mp4,Abigail_Lee9,010_land.mp4,MrN_RbXvbXE,FPV,land,0,severe-crash,False,0.21404761904761907,0.2530952380952381,0.34714285714285714,0.18571428571428572
Abigail_Lee9__011_severe-crash.mp4,Abigail_Lee9,011_severe-crash.mp4,MrN_RbXvbXE,FPV,severe-crash,0,severe-crash,True,0.10923809523809525,0.0821904761904762,0.7528571428571429,0.055714285714285716
Anthony_Banas1__001_takeoff.mp4,Anthony_Banas1,001_takeoff.mp4,pXMBy4fN-wQ,FPV,takeoff,3,takeoff,True,0.22514285714285714,0.24057142857142857,0.02857142857142857,0.5057142857142857
Anthony_Banas1__002_minor-crash.mp4,Anthony_Banas1,002_minor-crash.mp4,pXMBy4fN-wQ,FPV,minor-crash,3,minor-crash,True,0.18205952380952384,0.5007976190476191,0.12714285714285714,0.19
Anthony_Banas1__003_land.mp4,Anthony_Banas1,003_land.mp4,pXMBy4fN-wQ,FPV,land,3,takeoff,False,0.18994047619047622,0.297202380952381,0.14,0.37285714285714283
Cristian_Ramirez11__001_takeoff.mp4,Cristian_Ramirez11,001_takeoff.mp4,YDgs-5P9HUU,FPV,takeoff,1,takeoff,True,0.18,0.19428571428571428,0.03428571428571429,0.5914285714285714
Cristian_Ramirez11__002_land.mp4,Cristian_Ramirez11,002_land.mp4,YDgs-5P9HUU,FPV,land,1,minor-crash,False,0.27,0.29285714285714287,0.18142857142857144,0.2557142857142857
Cristian_Ramirez11__003_minor-crash.mp4,Cristian_Ramirez11,003_minor-crash.mp4,YDgs-5P9HUU,FPV,minor-crash,1,minor-crash,True,0.27,0.29285714285714287,0.18142857142857144,0.2557142857142857
Cristian_Ramirez7__001_takeoff.mp4,Cristian_Ramirez7,001_takeoff.mp4,DuYa6KRelSc,FPV,takeoff,4,takeoff,True,0.13428571428571429,0.3657142857142857,0.06285714285714286,0.43714285714285717
Cristian_Ramirez7__002_minor-crash.mp4,Cristian_Ramirez7,002_minor-crash.mp4,DuYa6KRelSc,FPV,minor-crash,4,minor-crash,True,0.1357142857142857,0.42142857142857143,0.047142857142857146,0.39571428571428574
Cristian_Ramirez8__001_takeoff.mp4,Cristian_Ramirez8,001_takeoff.mp4,K6QKYZYz1vo,FPV,takeoff,4,takeoff,True,0.13514285714285715,0.202,0.08428571428571428,0.5785714285714286
Elizabeth_Boyd2__001_minor-crash.mp4,Elizabeth_Boyd2,001_minor-crash.mp4,qdgA2LGwTXA,FPV,minor-crash,4,takeoff,False,0.13864285714285715,0.19135714285714284,0.06142857142857143,0.6085714285714285
Elizabeth_Boyd2__002_takeoff.mp4,Elizabeth_Boyd2,002_takeoff.mp4,qdgA2LGwTXA,FPV,takeoff,4,takeoff,True,0.05928571428571429,0.21214285714285713,0.02,0.7085714285714285
Elizabeth_Boyd2__003_land.mp4,Elizabeth_Boyd2,003_land.mp4,qdgA2LGwTXA,FPV,land,4,takeoff,False,0.09095238095238097,0.3133333333333333,0.03428571428571429,0.5614285714285714
Erik_Nilsson5__001_takeoff.mp4,Erik_Nilsson5,001_takeoff.mp4,wgBijXoCbk4,FPV,takeoff,4,takeoff,True,0.2140238095238095,0.2216904761904762,0.1742857142857143,0.39
Erik_Nilsson5__002_land.mp4,Erik_Nilsson5,002_land.mp4,wgBijXoCbk4,FPV,land,4,takeoff,False,0.26202380952380955,0.14083333333333334,0.14857142857142858,0.44857142857142857
Hunter_Hill1__001_severe-crash.mp4,Hunter_Hill1,001_severe-crash.mp4,zG_q0P9IOas,FPV,severe-crash,3,takeoff,False,0.22303571428571425,0.2526785714285714,0.1442857142857143,0.38
Hunter_Hill2__001_minor-crash.mp4,Hunter_Hill2,001_minor-crash.mp4,vYDyd6UB1wY,FPV,minor-crash,3,takeoff,False,0.28845238095238096,0.2486904761904762,0.08285714285714285,0.38
Hunter_Hill4__001_severe-crash.mp4,Hunter_Hill4,001_severe-crash.mp4,lr6QMlWP11o,FPV,severe-crash,3,severe-crash,True,0.20164285714285715,0.26692857142857146,0.4785714285714286,0.05285714285714286
Hunter_Hill4__002_takeoff.mp4,Hunter_Hill4,002_takeoff.mp4,lr6QMlWP11o,FPV,takeoff,3,severe-crash,False,0.19497619047619047,0.2950238095238095,0.4442857142857143,0.06571428571428571
Jack_Lockett__001_takeoff.mp4,Jack_Lockett,001_takeoff.mp4,kw5qp7MdprA,FPV,takeoff,3,minor-crash,False,0.10315476190476192,0.46255952380952375,0.05285714285714286,0.38142857142857145
Jack_Lockett__002_minor-crash.mp4,Jack_Lockett,002_minor-crash.mp4,kw5qp7MdprA,FPV,minor-crash,3,severe-crash,False,0.1824761904761905,0.22752380952380954,0.5542857142857143,0.03571428571428571
Jack_Lockett__003_takeoff.mp4,Jack_Lockett,003_takeoff.mp4,kw5qp7MdprA,FPV,takeoff,3,minor-crash,False,0.24785714285714286,0.3707142857142857,0.2714285714285714,0.11
Jack_Lockett__004_minor-crash.mp4,Jack_Lockett,004_minor-crash.mp4,kw5qp7MdprA,FPV,minor-crash,3,severe-crash,False,0.23976190476190473,0.2502380952380952,0.4785714285714286,0.03142857142857143
Mark_Wilson2__001_takeoff.mp4,Mark_Wilson2,001_takeoff.mp4,9z0WTKq49Ls,FPV,takeoff,3,land,False,0.31538095238095226,0.24604761904761907,0.15428571428571428,0.2842857142857143
Mark_Wilson3__001_land.mp4,Mark_Wilson3,001_land.mp4,tfl-_D7t2Mo,FPV,land,3,land,True,0.34469727891156454,0.25958843537414966,0.09571428571428571,0.3
Nicholas_Welch__001_minor-crash.mp4,Nicholas_Welch,001_minor-crash.mp4,BV7vi3VJgKI,FPV,minor-crash,4,land,False,0.3242142857142857,0.15435714285714286,0.30857142857142855,0.21285714285714286
Nicholas_Welch__002_minor-crash.mp4,Nicholas_Welch,002_minor-crash.mp4,BV7vi3VJgKI,FPV,minor-crash,4,takeoff,False,0.12233333333333332,0.16052380952380954,0.11428571428571428,0.6028571428571429
Patrick_Curry6__001_takeoff.mp4,Patrick_Curry6,001_takeoff.mp4,yzIwlfVclg8,FPV,takeoff,1,takeoff,True,0.2571428571428571,0.23,0.04857142857142857,0.4642857142857143
Patrick_Curry7__001_takeoff.mp4,Patrick_Curry7,001_takeoff.mp4,PmutPdePdHA,FPV,takeoff,1,land,False,0.3585714285714286,0.23714285714285716,0.11857142857142858,0.2857142857142857
Patrick_Curry7__002_minor-crash.mp4,Patrick_Curry7,002_minor-crash.mp4,PmutPdePdHA,FPV,minor-crash,1,severe-crash,False,0.1657142857142857,0.3057142857142857,0.39,0.13857142857142857
Patrick_Curry7__003_minor-crash.mp4,Patrick_Curry7,003_minor-crash.mp4,PmutPdePdHA,FPV,minor-crash,1,minor-crash,True,0.19428571428571428,0.42142857142857143,0.15571428571428572,0.22857142857142856
Samuel_Dunn1__001_severe-crash.mp4,Samuel_Dunn1,001_severe-crash.mp4,iCe-Ml6tBag,FPV,severe-crash,1,severe-crash,True,0.14285714285714285,0.2985714285714286,0.47,0.08857142857142856
Samuel_Dunn3__001_takeoff.mp4,Samuel_Dunn3,001_takeoff.mp4,hmpz5K3-vLE,FPV,takeoff,1,takeoff,True,0.2671428571428571,0.10428571428571429,0.14285714285714285,0.4857142857142857
Samuel_Dunn3__002_severe-crash.mp4,Samuel_Dunn3,002_severe-crash.mp4,hmpz5K3-vLE,FPV,severe-crash,1,minor-crash,False,0.27714285714285714,0.30142857142857143,0.21571428571428572,0.2057142857142857
Samuel_Dunn4__001_takeoff.mp4,Samuel_Dunn4,001_takeoff.mp4,fXzt4LNMHWA,FPV,takeoff,4,takeoff,True,0.22521428571428567,0.1305,0.13,0.5142857142857142
Samuel_Dunn4__002_severe-crash.mp4,Samuel_Dunn4,002_severe-crash.mp4,fXzt4LNMHWA,FPV,severe-crash,4,minor-crash,False,0.2235238095238095,0.2779047619047619,0.23714285714285716,0.26142857142857145
Samuel_Dunn5__001_takeoff.mp4,Samuel_Dunn5,001_takeoff.mp4,fNDSX7uTapQ,FPV,takeoff,0,takeoff,True,0.1849761904761904,0.22359523809523812,0.21,0.38142857142857145
Samuel_Dunn5__002_minor-crash.mp4,Samuel_Dunn5,002_minor-crash.mp4,fNDSX7uTapQ,FPV,minor-crash,0,takeoff,False,0.1275238095238095,0.3196190476190476,0.22714285714285715,0.32571428571428573
Samuel_Dunn6__001_takeoff.mp4,Samuel_Dunn6,001_takeoff.mp4,qMAYm2a1PtA,FPV,takeoff,1,takeoff,True,0.29428571428571426,0.13857142857142857,0.22714285714285715,0.34
Samuel_Dunn6__002_minor-crash.mp4,Samuel_Dunn6,002_minor-crash.mp4,qMAYm2a1PtA,FPV,minor-crash,1,takeoff,False,0.21142857142857144,0.17857142857142858,0.025714285714285714,0.5842857142857143
Samuel_Dunn6__003_takeoff.mp4,Samuel_Dunn6,003_takeoff.mp4,qMAYm2a1PtA,FPV,takeoff,1,minor-crash,False,0.34,0.4857142857142857,0.08142857142857143,0.09285714285714286
Samuel_Dunn6__004_takeoff.mp4,Samuel_Dunn6,004_takeoff.mp4,qMAYm2a1PtA,FPV,takeoff,1,takeoff,True,0.21142857142857144,0.11142857142857143,0.15142857142857144,0.5257142857142857
Samuel_Dunn6__005_land.mp4,Samuel_Dunn6,005_land.mp4,qMAYm2a1PtA,FPV,land,1,minor-crash,False,0.14,0.33285714285714285,0.3271428571428571,0.2
