feature,importance,source
det_speed_accel_time_to_abs_peak,0.006817622951259562,extra_trees
det_vy_accel_time_to_abs_peak,0.006707877660465676,extra_trees
det_vy_norm_per_sec_p90,0.006574425826753814,extra_trees
flow_mag_mean_per_sec_time_to_abs_peak,0.00634349797303649,extra_trees
flow_mag_mean_time_to_abs_peak,0.006195085523545752,extra_trees
det_vy_norm_per_sec_mean,0.006161968661074518,extra_trees
det_speed_time_to_abs_peak,0.006103659100229054,extra_trees
flow_mag_norm_per_sec_time_to_abs_peak,0.005938533719008751,extra_trees
det_vy_norm_per_sec_time_to_abs_peak,0.005839781878163008,extra_trees
flow_mag_std_time_to_abs_peak,0.00578791957419574,extra_trees
both_detected_first,0.005611290833857956,extra_trees
det_vy_norm_per_sec_signed_auc,0.00529307299227706,extra_trees
roi_height_time_to_abs_peak,0.005211861715146103,extra_trees
det_dy_time_to_abs_peak,0.005198476191424787,extra_trees
det_speed_accel_jerk_time_to_abs_peak,0.00513072098845273,extra_trees
conf_a_first,0.004799312317154342,extra_trees
flow_mag_max_time_to_abs_peak,0.004693615385861072,extra_trees
det_vy_accel_jerk_time_to_abs_peak,0.004627031635664331,extra_trees
det_dy_mean,0.004622200568952478,extra_trees
roi_area_peak_to_mean,0.0044981740542252464,extra_trees
det_speed_start_mean,0.004428052450439776,extra_trees
flow_mag_median_time_to_abs_peak,0.004312835589879997,extra_trees
det_dy_min,0.004069920331066142,extra_trees
roi_aspect_time_to_abs_peak,0.003962863090765916,extra_trees
det_dy_signed_auc,0.0038913223481595698,extra_trees
det_speed_norm_per_sec_time_to_abs_peak,0.003859677885689178,extra_trees
det_vy_norm_per_sec_min,0.0038481954803609862,extra_trees
det_vy_norm_per_sec_p10,0.003833210049283557,extra_trees
roi_height_peak_to_mean,0.003813986275037281,extra_trees
det_vx_norm_per_sec_p25,0.0037808917586489073,extra_trees
det_dx_p25,0.003753386708714085,extra_trees
det_vy_accel_min,0.0037318945064150474,extra_trees
flow_vertical_horizontal_ratio,0.0035328071709718576,extra_trees
det_speed_norm_per_sec_p75,0.003455381930373906,extra_trees
det_speed_norm_per_sec_median,0.00344208385149293,extra_trees
det_max_upward_vy,0.0033363076111686723,extra_trees
roi_area_time_to_abs_peak,0.0033341601322221808,extra_trees
det_vy_norm_per_sec_max,0.0032634883815193857,extra_trees
flow_mag_accel_jerk_time_to_abs_peak,0.0032482522938313135,extra_trees
det_dy_p10,0.003238441692654333,extra_trees
det_down_up_ratio,0.003227042480862147,extra_trees
both_detected_time_to_abs_peak,0.0031960183110667905,extra_trees
flow_mag_std_last,0.003194022060922574,extra_trees
det_dy_p90,0.0031777186427464736,extra_trees
det_dx_p10,0.003049478416259617,extra_trees
roi_width_peak_to_mean,0.00303260548394698,extra_trees
det_vx_norm_per_sec_p10,0.0028976251444165478,extra_trees
det_max_downward_vy,0.0028853853153109187,extra_trees
det_speed_end_mean,0.0028716082757711567,extra_trees
det_speed_end_minus_start,0.0028709632060112266,extra_trees
det_speed_accel_p75,0.0028392515871998587,extra_trees
det_speed_norm_per_sec_last,0.002809363931129546,extra_trees
roi_aspect_peak_to_mean,0.0028020126906197628,extra_trees
det_dy_max,0.002772113063363819,extra_trees
det_dx_time_to_abs_peak,0.0027626282082975147,extra_trees
roi_aspect_p25,0.002757627096864559,extra_trees
det_speed_last,0.0027339157058801854,extra_trees
flow_dx_norm_per_sec_time_to_abs_peak,0.002708863815828351,extra_trees
det_vx_norm_per_sec_time_to_abs_peak,0.0026856027249790764,extra_trees
det_speed_norm_per_sec_first,0.0026562672473017593,extra_trees
flow_dx_mean_per_sec_time_to_abs_peak,0.002648759223301778,extra_trees
det_vy_accel_signed_auc,0.0026310334287027483,extra_trees
roi_aspect_median,0.002605677413229688,extra_trees
flow_mag_max_peak_to_mean,0.002570092835154779,extra_trees
det_vx_norm_per_sec_median,0.002543524876493972,extra_trees
flow_mag_std_median,0.002533374280125062,extra_trees
det_vy_norm_per_sec_slope_first_last,0.002520507829853552,extra_trees
flow_mag_std_slope_first_last,0.002519897633790419,extra_trees
det_vy_norm_per_sec_std,0.0025048466750946055,extra_trees
flow_mag_accel_time_to_abs_peak,0.00242476364204402,extra_trees
flow_mag_accel_p75,0.002414613829728354,extra_trees
det_vy_norm_per_sec_auc,0.0024135278769170697,extra_trees
conf_b_time_to_abs_peak,0.002411771434673875,extra_trees
flow_mag_std_delta,0.0023901184787000047,extra_trees
det_vy_accel_abs_max,0.0023770859658816487,extra_trees
det_vy_norm_per_sec_p25,0.0023753553208103314,extra_trees
flow_mag_std_p25,0.0023728165403516547,extra_trees
det_speed_norm_per_sec_p25,0.002370020265513884,extra_trees
det_vy_accel_range,0.0023698135405807366,extra_trees
det_vy_accel_jerk_p10,0.0023285427177146844,extra_trees
det_vy_accel_p75,0.0023277654660153434,extra_trees
det_vx_norm_per_sec_auc,0.002322782879784362,extra_trees
det_vy_norm_per_sec_abs_mean,0.0022899424285012676,extra_trees
flow_dy_norm_per_sec_signed_auc,0.0022897451253310218,extra_trees
flow_max_downward_dy,0.0022661335543660865,extra_trees
roi_area_last,0.0022467815111591872,extra_trees
det_speed_accel_p25,0.0022381385645034516,extra_trees
det_speed_first,0.0022286390614310314,extra_trees
conf_a_time_to_abs_peak,0.00222573900342832,extra_trees
roi_aspect_energy,0.0022107395668908834,extra_trees
flow_mag_std_p10,0.0022094401806906877,extra_trees
det_vy_accel_jerk_peak_to_mean,0.002191131765355818,extra_trees
det_speed_p75,0.002173651414862294,extra_trees
flow_mag_max_delta,0.00216805250664368,extra_trees
det_vertical_horizontal_ratio,0.002166937718708158,extra_trees
roi_aspect_slope_first_last,0.0021659129878348433,extra_trees
det_speed_mid_mean,0.002156085746148878,extra_trees
det_speed_norm_per_sec_peak_to_mean,0.002152542348701817,extra_trees
flow_mag_std_peak_to_mean,0.0021388332636396307,extra_trees
flow_mag_max_slope_first_last,0.0021351542548506365,extra_trees
flow_mag_max_p10,0.0021198724470711827,extra_trees
flow_dy_norm_per_sec_p75,0.0021117700258729997,extra_trees
conf_b_first,0.002099013053565604,extra_trees
det_vy_norm_per_sec_delta,0.0020762856869100577,extra_trees
det_speed_norm_per_sec_delta,0.002063046107152879,extra_trees
det_vy_norm_per_sec_peak_to_mean,0.00206003898615243,extra_trees
roi_aspect_first,0.0020598758240781873,extra_trees
roi_width_time_to_abs_peak,0.0020502795840495053,extra_trees
flow_dy_norm_per_sec_time_to_abs_peak,0.0020439497920232558,extra_trees
flow_dy_accel_jerk_signed_auc,0.0020312227503581776,extra_trees
det_vy_norm_per_sec_range,0.002028340644258871,extra_trees
det_speed_median,0.002026020922083392,extra_trees
det_vx_norm_per_sec_abs_mean,0.0020162908286048553,extra_trees
flow_dy_mean_per_sec_time_to_abs_peak,0.0020000044829062676,extra_trees
det_speed_norm_per_sec_signed_auc,0.001992301012700757,extra_trees
flow_dy_norm_per_sec_mean,0.001987838315101028,extra_trees
det_vy_norm_per_sec_p75,0.001985990304692351,extra_trees
det_vx_norm_per_sec_signed_auc,0.001982211566195212,extra_trees
det_speed_min,0.001978674983489687,extra_trees
det_speed_accel_jerk_p75,0.0019658301766991852,extra_trees
det_vy_accel_std,0.001962792137704508,extra_trees
det_speed_norm_per_sec_min,0.0019506228155800852,extra_trees
det_dx_p75,0.0019462720194568489,extra_trees
det_speed_accel_median,0.0019428035498181477,extra_trees
flow_dy_mean_per_sec_max,0.0019393117431494643,extra_trees
roi_aspect_auc,0.0019382285048836305,extra_trees
roi_width_last,0.0019375985438707705,extra_trees
flow_mag_max_last,0.0019228988939264974,extra_trees
roi_aspect_mean,0.001920256649383652,extra_trees
det_vy_accel_jerk_abs_max,0.00191688746651043,extra_trees
det_vy_norm_per_sec_abs_max,0.001909473730561784,extra_trees
flow_dy_mean_per_sec_signed_auc,0.0019039897823795392,extra_trees
det_dy_peak_to_mean,0.0018990269161916593,extra_trees
det_vx_norm_per_sec_p75,0.00189108319234479,extra_trees
flow_mag_end_mean,0.0018896340287643748,extra_trees
det_vy_accel_jerk_max,0.0018812035092258276,extra_trees
det_speed_norm_per_sec_mean,0.001879411043851903,extra_trees
conf_a_delta,0.001871790512982419,extra_trees
flow_mag_max_p25,0.0018687605816845724,extra_trees
det_vy_accel_jerk_range,0.001868049252228309,extra_trees
any_detected_first,0.0018648524533891324,extra_trees
flow_mag_std_range,0.0018481899446556676,extra_trees
det_speed_norm_per_sec_auc,0.0018478757073217863,extra_trees
det_speed_peak_to_mean,0.0018456727174731337,extra_trees
det_speed_accel_signed_auc,0.001845282496935088,extra_trees
roi_width_median,0.0018432152064001407,extra_trees
det_vy_accel_peak_to_mean,0.0018385679736230291,extra_trees
roi_height_median,0.0018262436023225275,extra_trees
roi_width_p25,0.0018147069326280296,extra_trees
det_dx_auc,0.0018122936019487265,extra_trees
flow_dy_accel_slope_first_last,0.0018062920587165803,extra_trees
conf_b_max,0.001799260028207013,extra_trees
flow_mag_std_std,0.0017735396007510504,extra_trees
flow_dy_norm_per_sec_median,0.0017710845375312357,extra_trees
roi_aspect_signed_auc,0.0017662262239037322,extra_trees
det_dy_p25,0.0017566258621280525,extra_trees
roi_height_delta,0.0017509302790773024,extra_trees
det_speed_std,0.0017494920145154854,extra_trees
det_dy_slope_first_last,0.0017462129633109,extra_trees
det_vy_accel_jerk_abs_mean,0.0017399781018615612,extra_trees
det_speed_norm_per_sec_p90,0.0017368281160514963,extra_trees
flow_mag_accel_median,0.0017338677671163132,extra_trees
flow_dy_accel_peak_to_mean,0.0017299222719349575,extra_trees
det_speed_accel_peak_to_mean,0.0017293651577343443,extra_trees
det_dy_std,0.001729179502362395,extra_trees
det_vy_accel_p90,0.0017212951445934324,extra_trees
flow_dy_mean_per_sec_p90,0.0017198512547510218,extra_trees
det_vx_norm_per_sec_first,0.0017104444279472037,extra_trees
det_dx_mean,0.001707442827605255,extra_trees
det_vy_accel_mean,0.0017072812851632643,extra_trees
flow_dx_mean_per_sec_first,0.0017032426417327594,extra_trees
flow_mag_median_peak_to_mean,0.0017004855460985985,extra_trees
flow_mag_std_first,0.0016990970160082395,extra_trees
roi_width_slope_first_last,0.001686616478809558,extra_trees
det_vy_accel_jerk_p25,0.0016854030028236565,extra_trees
det_dx_median,0.0016775259294979626,extra_trees
roi_width_auc,0.0016654908915993082,extra_trees
det_dy_delta,0.0016590345339887519,extra_trees
det_vy_accel_p10,0.0016553857649398685,extra_trees
flow_dy_norm_per_sec_p25,0.0016514057582031646,extra_trees
roi_available_first,0.001643259435968239,extra_trees
det_dx_abs_mean,0.0016412215482127222,extra_trees
det_speed_accel_auc,0.0016380030842501644,extra_trees
det_vy_accel_jerk_std,0.0016337959954367235,extra_trees
det_dy_p75,0.0016334736366642644,extra_trees
det_dx_p90,0.0016328532804668666,extra_trees
det_vy_norm_per_sec_first,0.0016271038187579614,extra_trees
flow_dy_accel_signed_auc,0.0016226172352541376,extra_trees
roi_width_delta,0.001621601959846386,extra_trees
flow_mag_accel_max,0.001617596139311191,extra_trees
det_speed_norm_per_sec_abs_mean,0.0016134953163001154,extra_trees
det_dy_range,0.0016070836869266616,extra_trees
det_speed_accel_jerk_median,0.001599519421826913,extra_trees
det_speed_accel_jerk_peak_to_mean,0.0015975492443336158,extra_trees
flow_mag_mean_per_sec_last,0.001589723912364632,extra_trees
flow_dy_norm_per_sec_peak_to_mean,0.0015803263773517102,extra_trees
det_speed_mean,0.001576016197556837,extra_trees
flow_mag_max_signed_auc,0.0015719165236875816,extra_trees
flow_dy_norm_per_sec_p90,0.001571253672173561,extra_trees
roi_height_last,0.0015684986423678015,extra_trees
roi_width_signed_auc,0.0015580779848479416,extra_trees
flow_mag_max_first,0.0015513899026965887,extra_trees
roi_height_p25,0.001549541056372628,extra_trees
flow_dx_norm_per_sec_peak_to_mean,0.0015489856097528633,extra_trees
det_speed_accel_jerk_first,0.0015447588175429069,extra_trees
roi_aspect_p75,0.001543346441776706,extra_trees
conf_a_p75,0.001542542636775884,extra_trees
roi_width_p75,0.001542299828179186,extra_trees
flow_dy_accel_delta,0.0015322998207569155,extra_trees
det_speed_norm_per_sec_abs_max,0.0015268329308155992,extra_trees
flow_mag_std_mean,0.0015267932320059772,extra_trees
roi_aspect_delta,0.001522946030668651,extra_trees
flow_mag_std_abs_mean,0.0015226692178393157,extra_trees
flow_dx_mean_per_sec_median,0.001510055923303794,extra_trees
det_speed_norm_per_sec_std,0.0015020694868896202,extra_trees
flow_mag_mean_per_sec_delta,0.0014955916639093653,extra_trees
flow_dy_mean_per_sec_p10,0.001493396596666529,extra_trees
det_dx_range,0.0014848229810870395,extra_trees
det_speed_slope_first_last,0.0014845931870718092,extra_trees
det_dy_abs_max,0.0014813043236209028,extra_trees
det_speed_signed_auc,0.0014745854842342216,extra_trees
conf_a_median,0.0014728091001957506,extra_trees
conf_b_peak_to_mean,0.0014722685751511378,extra_trees
flow_dy_norm_per_sec_last,0.0014719410443334885,extra_trees
det_dx_signed_auc,0.001470935064020961,extra_trees
roi_available_time_to_abs_peak,0.0014684682780260175,extra_trees
det_vy_accel_jerk_min,0.001466538505777374,extra_trees
flow_dy_mean_per_sec_median,0.001465328761359289,extra_trees
flow_dy_mean_per_sec_peak_to_mean,0.0014572911500828221,extra_trees
det_vy_norm_per_sec_last,0.0014435692040537448,extra_trees
flow_mag_mean_last,0.0014433869994712708,extra_trees
flow_dy_accel_first,0.0014328696299988177,extra_trees
flow_mag_max_mean,0.001431710334257419,extra_trees
det_speed_norm_per_sec_max,0.0014272650069569646,extra_trees
conf_b_p90,0.001426458509886684,extra_trees
flow_dx_norm_per_sec_first,0.001425559939438161,extra_trees
conf_b_energy,0.0014227832201910435,extra_trees
det_speed_norm_per_sec_slope_first_last,0.0014213895752017236,extra_trees
roi_height_slope_first_last,0.0014210193925003752,extra_trees
det_vy_accel_auc,0.0014162665453358548,extra_trees
roi_area_delta,0.0014144038209053132,extra_trees
flow_dy_mean_per_sec_mean,0.0014136161733164468,extra_trees
det_vy_accel_jerk_first,0.001411638482993185,extra_trees
flow_mag_mean_delta,0.0014108982981486649,extra_trees
det_dy_last,0.0014081823253579793,extra_trees
det_speed_delta,0.0014004420325913962,extra_trees
roi_aspect_p10,0.0013991505964841698,extra_trees
flow_dx_norm_per_sec_p75,0.0013979477467819337,extra_trees
roi_width_abs_mean,0.001394860132075572,extra_trees
conf_b_delta,0.0013923582053863557,extra_trees
det_dy_auc,0.0013904338938926797,extra_trees
roi_available_peak_to_mean,0.0013901191121750177,extra_trees
roi_area_abs_mean,0.001387853900292312,extra_trees
flow_mag_norm_per_sec_slope_first_last,0.0013878499075183795,extra_trees
conf_a_p25,0.0013849058112660026,extra_trees
roi_height_max,0.0013831472108754362,extra_trees
det_vy_accel_median,0.0013765399311299993,extra_trees
det_vy_accel_first,0.0013743710568541643,extra_trees
flow_mag_std_p90,0.0013690190289832804,extra_trees
any_detected_time_to_abs_peak,0.0013665601586588228,extra_trees
flow_dy_accel_jerk_mean,0.0013654262515916875,extra_trees
det_speed_accel_abs_max,0.0013651563605963847,extra_trees
det_dy_abs_mean,0.0013642621011806812,extra_trees
flow_dy_accel_jerk_median,0.00136330093843304,extra_trees
conf_b_median,0.0013553395986907568,extra_trees
roi_height_p75,0.00135123826092595,extra_trees
det_speed_accel_jerk_last,0.001350913884741999,extra_trees
flow_dy_mean_per_sec_p25,0.001349058539644009,extra_trees
flow_mag_norm_per_sec_last,0.0013486490725150078,extra_trees
roi_area_signed_auc,0.0013447804153463847,extra_trees
det_dx_first,0.0013443693076708473,extra_trees
flow_dy_accel_median,0.0013361123887856686,extra_trees
det_vx_norm_per_sec_p90,0.001327911264136062,extra_trees
det_dx_last,0.0013241802700764414,extra_trees
det_dx_peak_to_mean,0.0013183156219406327,extra_trees
flow_mag_std_auc,0.0013138351874290792,extra_trees
roi_aspect_abs_mean,0.0013127796341662118,extra_trees
roi_aspect_range,0.0013113281259256194,extra_trees
det_vy_accel_max,0.0013063620661402737,extra_trees
roi_width_first,0.001305595669573699,extra_trees
det_vy_accel_jerk_p75,0.001305583132383761,extra_trees
conf_a_abs_max,0.0013053323910256795,extra_trees
conf_b_slope_first_last,0.0013045875712566423,extra_trees
flow_dy_norm_per_sec_abs_max,0.0013039860483481144,extra_trees
flow_mag_mean_per_sec_slope_first_last,0.0012984782217650135,extra_trees
det_vy_accel_p25,0.0012972902813009998,extra_trees
det_vy_accel_jerk_delta,0.0012955574952894001,extra_trees
roi_area_p25,0.0012899010940749767,extra_trees
det_vy_accel_jerk_median,0.0012897648913137024,extra_trees
det_vy_accel_jerk_energy,0.001286165772193925,extra_trees
det_vx_norm_per_sec_std,0.0012858153140057613,extra_trees
flow_dy_mean_per_sec_p75,0.001284472248201077,extra_trees
conf_a_mean,0.0012818839236257665,extra_trees
roi_area_slope_first_last,0.0012766784603094451,extra_trees
flow_mag_accel_mean,0.0012763398259981137,extra_trees
det_speed_accel_jerk_p90,0.001274160170681776,extra_trees
det_speed_accel_jerk_signed_auc,0.0012684989153785857,extra_trees
det_vy_accel_jerk_auc,0.0012678695732546502,extra_trees
flow_dy_accel_jerk_p25,0.0012626858202810926,extra_trees
flow_mag_max_abs_mean,0.0012545389334992516,extra_trees
det_speed_p90,0.0012543141407995247,extra_trees
flow_dx_norm_per_sec_last,0.0012538909404961715,extra_trees
flow_down_up_ratio,0.001250526377096744,extra_trees
det_vy_accel_energy,0.0012492801986263079,extra_trees
det_speed_accel_jerk_abs_mean,0.0012471522007833397,extra_trees
flow_mag_accel_jerk_peak_to_mean,0.0012441900537527022,extra_trees
roi_width_energy,0.0012370138637544253,extra_trees
roi_aspect_std,0.001234320309614467,extra_trees
det_dy_energy,0.0012286987154197138,extra_trees
flow_mag_mean_peak_to_mean,0.0012280463940106583,extra_trees
conf_a_std,0.0012270768519720315,extra_trees
det_speed_range,0.0012225585001274656,extra_trees
roi_height_first,0.001217061550491826,extra_trees
flow_mag_accel_signed_auc,0.0012144452982714483,extra_trees
flow_mag_max_median,0.001213016397623857,extra_trees
conf_a_range,0.001211601883835538,extra_trees
det_vx_norm_per_sec_last,0.0012102585402309022,extra_trees
flow_mag_mean_p25,0.0012087521349007672,extra_trees
det_speed_accel_jerk_std,0.0012067192355120914,extra_trees
det_speed_max,0.0012060951321961886,extra_trees
det_speed_norm_per_sec_energy,0.0012048503691335045,extra_trees
det_speed_accel_p10,0.001199572508885411,extra_trees
conf_a_p90,0.001199370331356495,extra_trees
det_speed_accel_delta,0.0011992756183698437,extra_trees
conf_b_range,0.001197630891240916,extra_trees
roi_aspect_last,0.0011963262999916547,extra_trees
det_speed_accel_first,0.0011953868137812955,extra_trees
conf_b_abs_max,0.0011953550456635486,extra_trees
roi_area_p75,0.001195063815733375,extra_trees
flow_dx_mean_per_sec_peak_to_mean,0.0011895054331735556,extra_trees
flow_mag_median_slope_first_last,0.0011888117195050878,extra_trees
conf_b_last,0.0011867144312092464,extra_trees
det_speed_accel_abs_mean,0.0011859048212281911,extra_trees
flow_mag_accel_jerk_p25,0.0011854863472058237,extra_trees
det_speed_accel_min,0.0011853152619722815,extra_trees
both_detected_delta,0.0011845622051303885,extra_trees
flow_dy_accel_mean,0.0011843597426038509,extra_trees
flow_dy_accel_p10,0.001181398910485911,extra_trees
flow_mag_median_delta,0.001178711259961263,extra_trees
det_dx_slope_first_last,0.0011750761751418944,extra_trees
conf_b_auc,0.0011730137446973622,extra_trees
flow_mag_accel_jerk_first,0.0011715458585452093,extra_trees
roi_width_p10,0.0011687632101658337,extra_trees
conf_a_peak_to_mean,0.0011672134405209158,extra_trees
det_speed_p25,0.001163461945724227,extra_trees
det_speed_norm_per_sec_p10,0.0011610134237974243,extra_trees
flow_dx_mean_per_sec_signed_auc,0.0011607017612462473,extra_trees
flow_dx_norm_per_sec_median,0.0011606888627800121,extra_trees
flow_mag_mean_min,0.001158170621074375,extra_trees
flow_mag_std_signed_auc,0.0011557974515283567,extra_trees
flow_dy_accel_time_to_abs_peak,0.0011545217459131643,extra_trees
roi_height_std,0.001147642691115039,extra_trees
flow_dy_accel_p75,0.001147546923133266,extra_trees
flow_mag_median_last,0.0011458153393341405,extra_trees
roi_aspect_abs_max,0.0011452405028089818,extra_trees
flow_dx_mean_per_sec_p75,0.0011436779067506234,extra_trees
conf_b_min,0.001140099954393126,extra_trees
conf_b_p75,0.0011392739454670747,extra_trees
roi_width_mean,0.0011370838802246027,extra_trees
flow_dy_norm_per_sec_auc,0.0011349779877328856,extra_trees
det_speed_accel_jerk_p10,0.0011321363569282614,extra_trees
flow_mag_max_auc,0.001131639998263431,extra_trees
conf_a_max,0.0011301714989967117,extra_trees
flow_dy_mean_per_sec_abs_max,0.0011282188402903669,extra_trees
det_vx_norm_per_sec_mean,0.0011264474856064759,extra_trees
flow_mag_accel_jerk_abs_max,0.0011152537767591913,extra_trees
conf_a_min,0.0011144090760332786,extra_trees
flow_mag_accel_peak_to_mean,0.0011132147341086744,extra_trees
det_speed_accel_std,0.0011112686686407833,extra_trees
det_speed_accel_max,0.0011079410885908765,extra_trees
flow_dy_accel_jerk_peak_to_mean,0.0011072020727318317,extra_trees
det_speed_accel_p90,0.0011055631120855294,extra_trees
flow_mag_accel_last,0.0011032402478117248,extra_trees
conf_a_energy,0.0011016197479205294,extra_trees
roi_height_p10,0.0010947971761280197,extra_trees
flow_mag_std_abs_max,0.0010942018232874941,extra_trees
flow_dy_accel_jerk_time_to_abs_peak,0.0010917217173190808,extra_trees
det_dy_median,0.0010887856620105986,extra_trees
flow_mag_mean_first,0.0010880689540034474,extra_trees
det_speed_accel_slope_first_last,0.0010832284898700999,extra_trees
flow_mag_mean_per_sec_p25,0.0010815977688656308,extra_trees
flow_dy_mean_per_sec_min,0.0010796824243523172,extra_trees
roi_area_abs_max,0.001068572803743395,extra_trees
det_speed_accel_mean,0.0010674496516512567,extra_trees
flow_mag_mid_mean,0.0010659126011798256,extra_trees
det_speed_accel_jerk_slope_first_last,0.0010658186105037609,extra_trees
det_speed_accel_jerk_max,0.0010616095882202512,extra_trees
flow_mag_accel_jerk_p10,0.001059887470787245,extra_trees
flow_dy_mean_per_sec_slope_first_last,0.0010584370741788074,extra_trees
det_dx_std,0.001056048737225067,extra_trees
det_speed_abs_mean,0.0010546184281023066,extra_trees
det_vy_accel_jerk_last,0.0010501421517734645,extra_trees
flow_mag_start_mean,0.0010478105860994022,extra_trees
flow_mag_norm_per_sec_delta,0.001046297413818596,extra_trees
flow_mag_max_p90,0.0010453439600993817,extra_trees
det_dx_abs_max,0.0010452041706770685,extra_trees
det_vy_norm_per_sec_energy,0.001041224699271052,extra_trees
flow_mag_accel_jerk_max,0.0010400328788646245,extra_trees
flow_dy_norm_per_sec_max,0.001038918069818467,extra_trees
flow_dy_norm_per_sec_abs_mean,0.0010388993107834925,extra_trees
flow_mag_norm_per_sec_p25,0.001036223003876241,extra_trees
flow_dy_accel_p25,0.001036054939816421,extra_trees
roi_aspect_p90,0.0010360071108219402,extra_trees
conf_a_abs_mean,0.001034320111283295,extra_trees
flow_dy_accel_jerk_abs_mean,0.0010340174616264932,extra_trees
flow_mag_end_minus_start,0.0010338990123860319,extra_trees
det_vy_accel_jerk_signed_auc,0.0010337450186851467,extra_trees
flow_dy_accel_jerk_last,0.0010314726008297528,extra_trees
flow_mag_mean_slope_first_last,0.0010265251301571304,extra_trees
flow_mag_std_max,0.0010259126341925526,extra_trees
flow_mag_std_energy,0.001023545600551716,extra_trees
roi_area_first,0.0010198918817686516,extra_trees
flow_mag_accel_jerk_delta,0.0010159418780242813,extra_trees
flow_dy_norm_per_sec_delta,0.0010153035890197693,extra_trees
flow_max_upward_dy,0.001014333449428626,extra_trees
det_vx_norm_per_sec_max,0.0010136855950765996,extra_trees
roi_height_abs_max,0.0010077247517487097,extra_trees
roi_width_range,0.0010064290578855764,extra_trees
flow_dy_accel_jerk_min,0.0010024861122890538,extra_trees
flow_mag_std_p75,0.0010011981855057278,extra_trees
roi_available_slope_first_last,0.0009986574447911564,extra_trees
flow_mag_max_std,0.000997391665262051,extra_trees
det_vy_norm_per_sec_median,0.0009973466530564196,extra_trees
det_speed_accel_range,0.0009967392812168087,extra_trees
conf_a_slope_first_last,0.0009958688806493928,extra_trees
det_speed_accel_jerk_p25,0.0009939710043260243,extra_trees
flow_dx_mean_per_sec_mean,0.0009939438510733823,extra_trees
flow_dy_accel_jerk_p75,0.0009938498606712758,extra_trees
flow_mag_norm_per_sec_peak_to_mean,0.0009921682386264637,extra_trees
flow_mag_accel_slope_first_last,0.0009904258824712407,extra_trees
any_detected_slope_first_last,0.0009898952953224132,extra_trees
flow_mag_accel_jerk_range,0.0009852273232900364,extra_trees
flow_mag_median_p75,0.0009843577371264117,extra_trees
flow_dy_norm_per_sec_slope_first_last,0.0009840265735205625,extra_trees
flow_dx_norm_per_sec_mean,0.0009818828205073109,extra_trees
flow_dx_mean_per_sec_p90,0.0009793813426713907,extra_trees
roi_width_std,0.00097887200607689,extra_trees
flow_mag_median_p25,0.0009749933871418419,extra_trees
flow_mag_accel_jerk_std,0.0009724932762487872,extra_trees
roi_area_energy,0.0009702327466210445,extra_trees
det_speed_norm_per_sec_range,0.0009687106733875654,extra_trees
det_speed_accel_jerk_delta,0.0009674333593432446,extra_trees
flow_dy_accel_auc,0.0009575798451124395,extra_trees
flow_dx_mean_per_sec_max,0.0009575061281671621,extra_trees
any_detected_abs_mean,0.000949236541147765,extra_trees
flow_dy_accel_p90,0.0009490676081289286,extra_trees
det_speed_accel_jerk_energy,0.0009466356571863449,extra_trees
flow_dx_mean_per_sec_p25,0.0009444263602729234,extra_trees
det_speed_accel_jerk_range,0.0009427040605157037,extra_trees
conf_b_p25,0.0009426495843152579,extra_trees
det_vx_norm_per_sec_slope_first_last,0.0009423691106735896,extra_trees
flow_dy_mean_per_sec_delta,0.0009419410905438006,extra_trees
flow_dy_norm_per_sec_first,0.0009402344548437044,extra_trees
det_dx_max,0.0009367886010645421,extra_trees
det_vx_norm_per_sec_peak_to_mean,0.0009352421981329678,extra_trees
roi_height_mean,0.0009317359386298824,extra_trees
det_speed_energy,0.000929429567829393,extra_trees
det_dx_delta,0.0009290410370359985,extra_trees
det_speed_accel_jerk_mean,0.0009280832977870179,extra_trees
det_vx_norm_per_sec_abs_max,0.0009274959708183868,extra_trees
roi_area_median,0.0009261781903457291,extra_trees
flow_mag_norm_per_sec_first,0.0009249208812665677,extra_trees
det_dx_energy,0.0009227043862066167,extra_trees
both_detected_mean,0.0009221810723313277,extra_trees
flow_dy_accel_jerk_abs_max,0.0009199536868242898,extra_trees
flow_dy_accel_last,0.0009189750655980773,extra_trees
both_detected_peak_to_mean,0.0009186157550601293,extra_trees
flow_mag_std_min,0.0009182109067213458,extra_trees
flow_mag_median_first,0.0009177669732293232,extra_trees
flow_dy_norm_per_sec_range,0.0009140301460694308,extra_trees
flow_mag_accel_jerk_last,0.0009137412617773703,extra_trees
roi_height_range,0.000913097334592334,extra_trees
roi_aspect_min,0.0009130760547078522,extra_trees
flow_mag_mean_per_sec_peak_to_mean,0.0009129559246985507,extra_trees
roi_area_min,0.000912625821981844,extra_trees
det_speed_abs_max,0.0009113055202607594,extra_trees
conf_b_signed_auc,0.0009089630104964576,extra_trees
det_vx_norm_per_sec_range,0.0009046035534966808,extra_trees
flow_mag_accel_delta,0.0009038087857259424,extra_trees
both_detected_p10,0.0009010629528164759,extra_trees
roi_area_auc,0.0008994798602799157,extra_trees
det_speed_auc,0.0008927069965443676,extra_trees
flow_mag_mean_p10,0.0008927010488749191,extra_trees
flow_mag_max_p75,0.000892692185552181,extra_trees
flow_dy_accel_abs_mean,0.0008908526796540056,extra_trees
conf_b_mean,0.0008907751713204703,extra_trees
flow_mag_norm_per_sec_mean,0.000889600628522907,extra_trees
det_speed_accel_energy,0.0008875294529594469,extra_trees
conf_a_p10,0.000886782046020268,extra_trees
det_vx_norm_per_sec_delta,0.00088673824299398,extra_trees
conf_b_std,0.0008851496020810848,extra_trees
flow_dx_norm_per_sec_max,0.0008837433540823481,extra_trees
det_speed_accel_last,0.0008805428891406921,extra_trees
flow_mag_norm_per_sec_auc,0.0008775689657058912,extra_trees
roi_width_max,0.0008763602869223233,extra_trees
flow_mag_mean_per_sec_first,0.0008762755995148684,extra_trees
flow_mag_norm_per_sec_p10,0.0008759278497111815,extra_trees
flow_mag_norm_per_sec_max,0.0008758459222952763,extra_trees
both_detected_last,0.0008717228946108591,extra_trees
flow_dy_norm_per_sec_p10,0.0008689857474771413,extra_trees
flow_mag_norm_per_sec_std,0.0008682496427873963,extra_trees
flow_dx_norm_per_sec_p10,0.0008667045380592524,extra_trees
flow_dy_accel_max,0.0008648540758216375,extra_trees
det_dy_first,0.0008618933079285267,extra_trees
flow_mag_accel_jerk_slope_first_last,0.000861559764165221,extra_trees
conf_b_p10,0.0008571380392383734,extra_trees
any_detected_min,0.0008561980241165069,extra_trees
flow_mag_accel_jerk_signed_auc,0.000855794981719164,extra_trees
flow_dy_accel_abs_max,0.0008544176392971557,extra_trees
flow_dy_accel_jerk_energy,0.0008541339620264754,extra_trees
flow_mag_max_max,0.0008521067282537648,extra_trees
flow_dy_accel_std,0.0008508151027284568,extra_trees
flow_dy_mean_per_sec_first,0.0008497963819567984,extra_trees
flow_mag_accel_jerk_p90,0.0008474541131707891,extra_trees
roi_area_range,0.0008468942475751049,extra_trees
det_speed_accel_jerk_auc,0.0008463475234109733,extra_trees
flow_dx_norm_per_sec_abs_max,0.0008442036354773115,extra_trees
flow_dx_norm_per_sec_p25,0.0008408158660044095,extra_trees
det_vy_accel_last,0.000838516758543826,extra_trees
det_speed_accel_jerk_min,0.0008377261156815987,extra_trees
flow_mag_accel_jerk_min,0.0008351085738469721,extra_trees
conf_a_signed_auc,0.000832964361859641,extra_trees
flow_dx_norm_per_sec_delta,0.0008324091851332428,extra_trees
flow_mag_accel_min,0.0008317981392291974,extra_trees
flow_mag_max_abs_max,0.0008314421929315596,extra_trees
flow_dx_mean_per_sec_min,0.0008301843979540302,extra_trees
flow_dy_accel_jerk_auc,0.000829952385665436,extra_trees
flow_dx_mean_per_sec_std,0.0008296982165649514,extra_trees
conf_a_auc,0.0008289485387563736,extra_trees
flow_mag_accel_jerk_auc,0.000827364503449577,extra_trees
flow_dx_norm_per_sec_slope_first_last,0.0008241568875420084,extra_trees
num_steps,0.0008216867747584634,extra_trees
flow_dx_norm_per_sec_signed_auc,0.0008164963886969518,extra_trees
roi_available_delta,0.0008151018485358306,extra_trees
flow_dx_mean_per_sec_p10,0.0008141388697532728,extra_trees
roi_available_mean,0.0008126694639544063,extra_trees
flow_mag_mean_std,0.0008104680405377776,extra_trees
det_vy_accel_jerk_mean,0.0008101846231580821,extra_trees
flow_mag_mean_p75,0.0008098073713561176,extra_trees
flow_dy_accel_jerk_slope_first_last,0.000809748220374835,extra_trees
conf_b_abs_mean,0.0008087634144407288,extra_trees
flow_dy_norm_per_sec_std,0.0008036877489033423,extra_trees
flow_dx_norm_per_sec_p90,0.0008032288452166651,extra_trees
flow_mag_mean_per_sec_p10,0.0008016997042872021,extra_trees
roi_height_signed_auc,0.0008001781911506031,extra_trees
det_vy_accel_jerk_slope_first_last,0.0007960061234145657,extra_trees
flow_dy_mean_per_sec_range,0.0007956346531496471,extra_trees
flow_dy_mean_per_sec_abs_mean,0.0007924357220841319,extra_trees
det_speed_p10,0.0007900512339671427,extra_trees
roi_available_p25,0.0007887083451503036,extra_trees
flow_dx_mean_per_sec_last,0.0007875467564260653,extra_trees
flow_dy_mean_per_sec_last,0.0007858915482611438,extra_trees
any_detected_peak_to_mean,0.0007852084888704732,extra_trees
roi_area_mean,0.0007843331390747689,extra_trees
roi_available_std,0.0007784679987424536,extra_trees
det_vy_accel_jerk_p90,0.0007781993808037479,extra_trees
both_detected_slope_first_last,0.0007744718381992137,extra_trees
flow_mag_mean_per_sec_median,0.0007724485886874521,extra_trees
flow_dy_accel_jerk_max,0.0007697731235060138,extra_trees
flow_dx_mean_per_sec_delta,0.0007687371324560222,extra_trees
flow_dy_norm_per_sec_energy,0.0007684877285446063,extra_trees
flow_mag_median_range,0.0007683270886305111,extra_trees
flow_dy_accel_jerk_p10,0.0007662639428171498,extra_trees
det_vx_norm_per_sec_energy,0.0007660356518291426,extra_trees
flow_mag_accel_jerk_median,0.0007651878436381583,extra_trees
flow_dy_mean_per_sec_std,0.0007592906487091951,extra_trees
roi_height_energy,0.0007588637025790481,extra_trees
flow_dx_mean_per_sec_slope_first_last,0.0007550589673887518,extra_trees
flow_dy_accel_jerk_delta,0.0007539540578458657,extra_trees
flow_dx_mean_per_sec_abs_max,0.000752854441800065,extra_trees
flow_mag_accel_jerk_abs_mean,0.000751519413965867,extra_trees
roi_aspect_max,0.0007502342625454814,extra_trees
flow_mag_median_min,0.000745421031494664,extra_trees
roi_area_p10,0.0007449476297222435,extra_trees
any_detected_p25,0.0007447561141558187,extra_trees
any_detected_delta,0.0007421568046198466,extra_trees
flow_mag_max_range,0.0007375603116890642,extra_trees
both_detected_abs_mean,0.000735047150842312,extra_trees
roi_height_abs_mean,0.0007262320120983196,extra_trees
flow_mag_norm_per_sec_median,0.000724487009876422,extra_trees
det_dx_min,0.000723515987755459,extra_trees
flow_mag_accel_range,0.0007231336974517874,extra_trees
flow_mag_mean_per_sec_signed_auc,0.0007207968998090907,extra_trees
flow_mag_accel_jerk_energy,0.0007206785240812961,extra_trees
flow_dx_mean_per_sec_auc,0.0007198142755441294,extra_trees
det_vy_accel_abs_mean,0.0007127072326049241,extra_trees
roi_area_p90,0.0007122503784047438,extra_trees
roi_area_std,0.0007116562241276028,extra_trees
flow_mag_accel_jerk_p75,0.0007112051847445042,extra_trees
flow_mag_median_abs_mean,0.0007105611301842719,extra_trees
flow_mag_norm_per_sec_abs_mean,0.0007098368475481491,extra_trees
any_detected_mean,0.0007093967977849294,extra_trees
flow_dy_mean_per_sec_energy,0.0007091748671045345,extra_trees
flow_dy_norm_per_sec_min,0.000707509624567672,extra_trees
flow_mag_median_signed_auc,0.0007043821637551989,extra_trees
flow_mag_mean_abs_mean,0.0007035929296655053,extra_trees
flow_mag_accel_auc,0.0007022524173634835,extra_trees
roi_available_signed_auc,0.000699063632961653,extra_trees
flow_dy_accel_jerk_range,0.0006933152874640488,extra_trees
flow_dy_accel_min,0.0006909344999702353,extra_trees
roi_width_abs_max,0.000690890421142283,extra_trees
flow_mag_accel_std,0.0006891277748779246,extra_trees
flow_dx_norm_per_sec_min,0.000686768263554411,extra_trees
flow_mag_norm_per_sec_min,0.0006855395734309058,extra_trees
flow_mag_accel_first,0.0006834220194798144,extra_trees
flow_mag_max_min,0.000683341185658181,extra_trees
flow_dy_accel_jerk_std,0.0006831975013160302,extra_trees
both_detected_median,0.0006813768546855555,extra_trees
flow_mag_median_abs_max,0.000679774039538056,extra_trees
flow_mag_accel_abs_mean,0.0006759997600417835,extra_trees
flow_dy_mean_per_sec_auc,0.0006746580425575227,extra_trees
det_speed_accel_jerk_abs_max,0.0006742107870808721,extra_trees
flow_mag_mean_abs_max,0.0006709178636158477,extra_trees
roi_available_auc,0.0006682532709065341,extra_trees
conf_a_last,0.0006616379142294545,extra_trees
both_detected_auc,0.0006597764202064424,extra_trees
flow_mag_mean_mean,0.0006561182162601607,extra_trees
roi_height_auc,0.0006540141662369082,extra_trees
any_detected_p10,0.0006523419496597697,extra_trees
flow_mag_norm_per_sec_range,0.0006500878154424813,extra_trees
flow_mag_accel_jerk_mean,0.0006483974359556768,extra_trees
flow_mag_median_p10,0.0006450187315727891,extra_trees
flow_dx_norm_per_sec_abs_mean,0.0006440688731182455,extra_trees
roi_height_p90,0.0006439517493726563,extra_trees
flow_mag_mean_signed_auc,0.0006344926904504882,extra_trees
flow_dy_accel_range,0.0006334201132202508,extra_trees
flow_mag_accel_p25,0.0006310696552649155,extra_trees
flow_mag_mean_per_sec_min,0.0006309514737851968,extra_trees
flow_mag_norm_per_sec_energy,0.0006292695560401615,extra_trees
roi_width_min,0.0006212637363930925,extra_trees
flow_mag_mean_p90,0.0006187874920246492,extra_trees
flow_mag_max_energy,0.0006181951861296491,extra_trees
roi_available_p10,0.0006152806896256923,extra_trees
flow_mag_norm_per_sec_signed_auc,0.000613905593187489,extra_trees
flow_mag_mean_per_sec_std,0.0006128345182826656,extra_trees
roi_height_min,0.0006120552982696267,extra_trees
flow_dy_accel_jerk_first,0.0006115641350538787,extra_trees
flow_mag_accel_energy,0.0006112956293450116,extra_trees
any_detected_last,0.0006106618697438706,extra_trees
flow_mag_median_median,0.0006003081245656573,extra_trees
flow_mag_mean_per_sec_abs_mean,0.0005970297654496276,extra_trees
flow_mag_norm_per_sec_abs_max,0.0005953061088521372,extra_trees
det_vy_accel_delta,0.0005892424830820962,extra_trees
both_detected_std,0.0005887248467334359,extra_trees
roi_available_abs_mean,0.0005884265173245158,extra_trees
flow_mag_mean_per_sec_max,0.0005828073785807302,extra_trees
flow_mag_accel_p90,0.0005811126448586388,extra_trees
det_vy_accel_slope_first_last,0.0005764233501124962,extra_trees
flow_mag_median_p90,0.0005729051049788356,extra_trees
roi_area_max,0.0005714508265104779,extra_trees
flow_mag_mean_per_sec_range,0.0005697171991864986,extra_trees
flow_mag_median_std,0.0005694987814845566,extra_trees
flow_mag_mean_max,0.0005651073162503173,extra_trees
any_detected_signed_auc,0.0005626276435270308,extra_trees
both_detected_signed_auc,0.0005567944018291062,extra_trees
roi_available_energy,0.0005557919223557499,extra_trees
flow_dx_mean_per_sec_range,0.0005509024017407222,extra_trees
any_detected_auc,0.0005395014454217302,extra_trees
flow_mag_mean_per_sec_energy,0.0005370317290557563,extra_trees
flow_dy_accel_jerk_p90,0.0005343506583592041,extra_trees
any_detected_energy,0.0005298733818648586,extra_trees
roi_width_p90,0.0005276452449746148,extra_trees
flow_mag_accel_p10,0.0005204852697945614,extra_trees
flow_mag_mean_per_sec_auc,0.0005090469831437777,extra_trees
roi_available_min,0.0005084361934594798,extra_trees
both_detected_p25,0.0005072361743987808,extra_trees
flow_dy_accel_energy,0.0005001831787434034,extra_trees
flow_mag_mean_per_sec_abs_max,0.0004948759335375879,extra_trees
flow_dx_norm_per_sec_energy,0.000483328195975345,extra_trees
duration_estimate_sec,0.0004794114043577635,extra_trees
flow_dx_norm_per_sec_auc,0.0004709517755274097,extra_trees
any_detected_std,0.000468738727123702,extra_trees
det_vx_norm_per_sec_min,0.0004682099019473941,extra_trees
flow_mag_mean_auc,0.00046504371697083903,extra_trees
flow_mag_mean_per_sec_mean,0.00045581152398630273,extra_trees
flow_mag_accel_abs_max,0.00045336913272312065,extra_trees
roi_available_last,0.00044733127223132676,extra_trees
any_detected_range,0.0004467300217164401,extra_trees
flow_dx_mean_per_sec_abs_mean,0.00043795619798396747,extra_trees
flow_mag_norm_per_sec_p75,0.00043447212636975747,extra_trees
flow_mag_mean_median,0.0004219628392129171,extra_trees
flow_mag_norm_per_sec_p90,0.00041734133299102386,extra_trees
both_detected_energy,0.00040589760857200145,extra_trees
flow_mag_median_mean,0.000398987321038861,extra_trees
flow_dx_norm_per_sec_std,0.00039745704330473066,extra_trees
flow_mag_mean_range,0.0003906015573311348,extra_trees
flow_mag_mean_per_sec_p75,0.0003882710126299061,extra_trees
flow_mag_mean_energy,0.00038722311236026076,extra_trees
flow_mag_median_energy,0.00037557699867614885,extra_trees
flow_dx_norm_per_sec_range,0.00033311990570766283,extra_trees
flow_mag_median_auc,0.00032917792912801595,extra_trees
roi_available_range,0.00030089620657536357,extra_trees
flow_dx_mean_per_sec_energy,0.00027748970560578275,extra_trees
roi_available_median,0.00027724449112443236,extra_trees
flow_mag_mean_per_sec_p90,0.0002721527038357308,extra_trees
both_detected_min,0.0002627918122335291,extra_trees
both_detected_range,0.00019495182554947897,extra_trees
flow_mag_median_max,0.0001619727635873606,extra_trees
any_detected_median,5.9934054136952536e-05,extra_trees
mean_dt,0.0,extra_trees
roi_available_max,0.0,extra_trees
roi_available_p75,0.0,extra_trees
roi_available_p90,0.0,extra_trees
roi_available_abs_max,0.0,extra_trees
both_detected_max,0.0,extra_trees
both_detected_p75,0.0,extra_trees
both_detected_p90,0.0,extra_trees
both_detected_abs_max,0.0,extra_trees
any_detected_max,0.0,extra_trees
any_detected_p75,0.0,extra_trees
any_detected_p90,0.0,extra_trees
any_detected_abs_max,0.0,extra_trees
